Start (ns),Duration (ns),CorrId,GrdX,GrdY,GrdZ,BlkX,BlkY,BlkZ,Reg/Trd,StcSMem (MB),DymSMem (MB),Bytes (MB),Throughput (MB/s),SrcMemKd,DstMemKd,Device,Ctx,GreenCtx,Strm,Name
984213630,1564831,45,,,,,,,,,,16.777,10720.641,Pageable,Device,NVIDIA H100 80GB HBM3 (0),1,,14,[CUDA memcpy Host-to-Device]
985817277,10016,49,,,,,,,,,,33.604,3354981.827,Device,,NVIDIA H100 80GB HBM3 (0),1,,14,[CUDA memset]
1013349115,1588960,62,,,,,,,,,,16.777,10552.869,Pageable,Device,NVIDIA H100 80GB HBM3 (1),2,,23,[CUDA memcpy Host-to-Device]
1014962075,9760,72,,,,,,,,,,33.604,3442989.613,Device,,NVIDIA H100 80GB HBM3 (1),2,,23,[CUDA memset]
1014985356,6848,83,,,,,,,,,,16.777,2449943.298,Device,,NVIDIA H100 80GB HBM3 (0),1,,14,[CUDA memset]
1014989659,6720,86,,,,,,,,,,16.777,2496600.736,Device,,NVIDIA H100 80GB HBM3 (1),2,,23,[CUDA memset]
1015219756,5306493,98,1,1,1,256,1,1,40,0.000,0.000,,,,,NVIDIA H100 80GB HBM3 (0),1,,14,comm_allreduce__allreduce_2sta6A6A6A6A_86463b875506db24
1015352283,5173215,108,1,1,1,256,1,1,40,0.000,0.000,,,,,NVIDIA H100 80GB HBM3 (1),2,,23,comm_allreduce__allreduce_2sta6A6A6A6A_ecf4355538841c44
1020526522,4764959,115,1,1,1,256,1,1,40,0.000,0.000,,,,,NVIDIA H100 80GB HBM3 (1),2,,23,comm_allreduce__allreduce_2sta6A6A6A6A_ecf4355538841c44
1020527273,4779421,112,1,1,1,256,1,1,40,0.000,0.000,,,,,NVIDIA H100 80GB HBM3 (0),1,,14,comm_allreduce__allreduce_2sta6A6A6A6A_86463b875506db24
1025292537,4781248,122,1,1,1,256,1,1,40,0.000,0.000,,,,,NVIDIA H100 80GB HBM3 (1),2,,23,comm_allreduce__allreduce_2sta6A6A6A6A_ecf4355538841c44
1025307782,4769854,119,1,1,1,256,1,1,40,0.000,0.000,,,,,NVIDIA H100 80GB HBM3 (0),1,,14,comm_allreduce__allreduce_2sta6A6A6A6A_86463b875506db24
1030074969,4767551,129,1,1,1,256,1,1,40,0.000,0.000,,,,,NVIDIA H100 80GB HBM3 (1),2,,23,comm_allreduce__allreduce_2sta6A6A6A6A_ecf4355538841c44
1030078692,4776381,126,1,1,1,256,1,1,40,0.000,0.000,,,,,NVIDIA H100 80GB HBM3 (0),1,,14,comm_allreduce__allreduce_2sta6A6A6A6A_86463b875506db24
1034843448,4777184,136,1,1,1,256,1,1,40,0.000,0.000,,,,,NVIDIA H100 80GB HBM3 (1),2,,23,comm_allreduce__allreduce_2sta6A6A6A6A_ecf4355538841c44
1034856001,4774653,133,1,1,1,256,1,1,40,0.000,0.000,,,,,NVIDIA H100 80GB HBM3 (0),1,,14,comm_allreduce__allreduce_2sta6A6A6A6A_86463b875506db24
1039621912,4779231,143,1,1,1,256,1,1,40,0.000,0.000,,,,,NVIDIA H100 80GB HBM3 (1),2,,23,comm_allreduce__allreduce_2sta6A6A6A6A_ecf4355538841c44
1039631966,4769853,140,1,1,1,256,1,1,40,0.000,0.000,,,,,NVIDIA H100 80GB HBM3 (0),1,,14,comm_allreduce__allreduce_2sta6A6A6A6A_86463b875506db24
1044402167,4767264,150,1,1,1,256,1,1,40,0.000,0.000,,,,,NVIDIA H100 80GB HBM3 (1),2,,23,comm_allreduce__allreduce_2sta6A6A6A6A_ecf4355538841c44
1044402779,4772862,147,1,1,1,256,1,1,40,0.000,0.000,,,,,NVIDIA H100 80GB HBM3 (0),1,,14,comm_allreduce__allreduce_2sta6A6A6A6A_86463b875506db24
1049170455,4770783,157,1,1,1,256,1,1,40,0.000,0.000,,,,,NVIDIA H100 80GB HBM3 (1),2,,23,comm_allreduce__allreduce_2sta6A6A6A6A_ecf4355538841c44
1049176569,4779645,154,1,1,1,256,1,1,40,0.000,0.000,,,,,NVIDIA H100 80GB HBM3 (0),1,,14,comm_allreduce__allreduce_2sta6A6A6A6A_86463b875506db24
1053942358,4781568,164,1,1,1,256,1,1,40,0.000,0.000,,,,,NVIDIA H100 80GB HBM3 (1),2,,23,comm_allreduce__allreduce_2sta6A6A6A6A_ecf4355538841c44
1053957398,4776989,161,1,1,1,256,1,1,40,0.000,0.000,,,,,NVIDIA H100 80GB HBM3 (0),1,,14,comm_allreduce__allreduce_2sta6A6A6A6A_86463b875506db24
1058725078,4775199,171,1,1,1,256,1,1,40,0.000,0.000,,,,,NVIDIA H100 80GB HBM3 (1),2,,23,comm_allreduce__allreduce_2sta6A6A6A6A_ecf4355538841c44
1058735411,4775965,168,1,1,1,256,1,1,40,0.000,0.000,,,,,NVIDIA H100 80GB HBM3 (0),1,,14,comm_allreduce__allreduce_2sta6A6A6A6A_86463b875506db24
1063545104,4783166,188,1,1,1,256,1,1,40,0.000,0.000,,,,,NVIDIA H100 80GB HBM3 (0),1,,14,comm_allreduce__allreduce_2sta6A6A6A6A_86463b875506db24
1063550101,4764800,191,1,1,1,256,1,1,40,0.000,0.000,,,,,NVIDIA H100 80GB HBM3 (1),2,,23,comm_allreduce__allreduce_2sta6A6A6A6A_ecf4355538841c44
1068315925,4785279,198,1,1,1,256,1,1,40,0.000,0.000,,,,,NVIDIA H100 80GB HBM3 (1),2,,23,comm_allreduce__allreduce_2sta6A6A6A6A_ecf4355538841c44
1068329518,4779709,195,1,1,1,256,1,1,40,0.000,0.000,,,,,NVIDIA H100 80GB HBM3 (0),1,,14,comm_allreduce__allreduce_2sta6A6A6A6A_86463b875506db24
1073102292,4771168,205,1,1,1,256,1,1,40,0.000,0.000,,,,,NVIDIA H100 80GB HBM3 (1),2,,23,comm_allreduce__allreduce_2sta6A6A6A6A_ecf4355538841c44
1073110155,4776797,202,1,1,1,256,1,1,40,0.000,0.000,,,,,NVIDIA H100 80GB HBM3 (0),1,,14,comm_allreduce__allreduce_2sta6A6A6A6A_86463b875506db24
1077874452,4777247,212,1,1,1,256,1,1,40,0.000,0.000,,,,,NVIDIA H100 80GB HBM3 (1),2,,23,comm_allreduce__allreduce_2sta6A6A6A6A_ecf4355538841c44
1077887912,4776925,209,1,1,1,256,1,1,40,0.000,0.000,,,,,NVIDIA H100 80GB HBM3 (0),1,,14,comm_allreduce__allreduce_2sta6A6A6A6A_86463b875506db24
1082652979,4781696,219,1,1,1,256,1,1,40,0.000,0.000,,,,,NVIDIA H100 80GB HBM3 (1),2,,23,comm_allreduce__allreduce_2sta6A6A6A6A_ecf4355538841c44
1082665829,4778014,216,1,1,1,256,1,1,40,0.000,0.000,,,,,NVIDIA H100 80GB HBM3 (0),1,,14,comm_allreduce__allreduce_2sta6A6A6A6A_86463b875506db24
1087435635,4777375,226,1,1,1,256,1,1,40,0.000,0.000,,,,,NVIDIA H100 80GB HBM3 (1),2,,23,comm_allreduce__allreduce_2sta6A6A6A6A_ecf4355538841c44
1087444867,4777789,223,1,1,1,256,1,1,40,0.000,0.000,,,,,NVIDIA H100 80GB HBM3 (0),1,,14,comm_allreduce__allreduce_2sta6A6A6A6A_86463b875506db24
1092214002,4770432,233,1,1,1,256,1,1,40,0.000,0.000,,,,,NVIDIA H100 80GB HBM3 (1),2,,23,comm_allreduce__allreduce_2sta6A6A6A6A_ecf4355538841c44
1092223680,4777661,230,1,1,1,256,1,1,40,0.000,0.000,,,,,NVIDIA H100 80GB HBM3 (0),1,,14,comm_allreduce__allreduce_2sta6A6A6A6A_86463b875506db24
1096986642,4785439,240,1,1,1,256,1,1,40,0.000,0.000,,,,,NVIDIA H100 80GB HBM3 (1),2,,23,comm_allreduce__allreduce_2sta6A6A6A6A_ecf4355538841c44
1097003229,4782589,237,1,1,1,256,1,1,40,0.000,0.000,,,,,NVIDIA H100 80GB HBM3 (0),1,,14,comm_allreduce__allreduce_2sta6A6A6A6A_86463b875506db24
1101774065,4780159,247,1,1,1,256,1,1,40,0.000,0.000,,,,,NVIDIA H100 80GB HBM3 (1),2,,23,comm_allreduce__allreduce_2sta6A6A6A6A_ecf4355538841c44
1101787802,4775294,244,1,1,1,256,1,1,40,0.000,0.000,,,,,NVIDIA H100 80GB HBM3 (0),1,,14,comm_allreduce__allreduce_2sta6A6A6A6A_86463b875506db24
1106555280,4777184,254,1,1,1,256,1,1,40,0.000,0.000,,,,,NVIDIA H100 80GB HBM3 (1),2,,23,comm_allreduce__allreduce_2sta6A6A6A6A_ecf4355538841c44
1106564184,4776541,251,1,1,1,256,1,1,40,0.000,0.000,,,,,NVIDIA H100 80GB HBM3 (0),1,,14,comm_allreduce__allreduce_2sta6A6A6A6A_86463b875506db24
1111373333,4787037,271,1,1,1,256,1,1,40,0.000,0.000,,,,,NVIDIA H100 80GB HBM3 (0),1,,14,comm_allreduce__allreduce_2sta6A6A6A6A_86463b875506db24
1111380912,4762463,274,1,1,1,256,1,1,40,0.000,0.000,,,,,NVIDIA H100 80GB HBM3 (1),2,,23,comm_allreduce__allreduce_2sta6A6A6A6A_ecf4355538841c44
1116144303,4787104,281,1,1,1,256,1,1,40,0.000,0.000,,,,,NVIDIA H100 80GB HBM3 (1),2,,23,comm_allreduce__allreduce_2sta6A6A6A6A_ecf4355538841c44
1116161394,4775677,278,1,1,1,256,1,1,40,0.000,0.000,,,,,NVIDIA H100 80GB HBM3 (0),1,,14,comm_allreduce__allreduce_2sta6A6A6A6A_86463b875506db24
1120932399,4772575,288,1,1,1,256,1,1,40,0.000,0.000,,,,,NVIDIA H100 80GB HBM3 (1),2,,23,comm_allreduce__allreduce_2sta6A6A6A6A_ecf4355538841c44
1120937999,4772926,285,1,1,1,256,1,1,40,0.000,0.000,,,,,NVIDIA H100 80GB HBM3 (0),1,,14,comm_allreduce__allreduce_2sta6A6A6A6A_86463b875506db24
1125706030,4771072,295,1,1,1,256,1,1,40,0.000,0.000,,,,,NVIDIA H100 80GB HBM3 (1),2,,23,comm_allreduce__allreduce_2sta6A6A6A6A_ecf4355538841c44
1125712141,4776477,292,1,1,1,256,1,1,40,0.000,0.000,,,,,NVIDIA H100 80GB HBM3 (0),1,,14,comm_allreduce__allreduce_2sta6A6A6A6A_86463b875506db24
1130478254,4776255,302,1,1,1,256,1,1,40,0.000,0.000,,,,,NVIDIA H100 80GB HBM3 (1),2,,23,comm_allreduce__allreduce_2sta6A6A6A6A_ecf4355538841c44
1130489802,4772733,299,1,1,1,256,1,1,40,0.000,0.000,,,,,NVIDIA H100 80GB HBM3 (0),1,,14,comm_allreduce__allreduce_2sta6A6A6A6A_86463b875506db24
1135255597,4772864,309,1,1,1,256,1,1,40,0.000,0.000,,,,,NVIDIA H100 80GB HBM3 (1),2,,23,comm_allreduce__allreduce_2sta6A6A6A6A_ecf4355538841c44
1135263559,4781501,306,1,1,1,256,1,1,40,0.000,0.000,,,,,NVIDIA H100 80GB HBM3 (0),1,,14,comm_allreduce__allreduce_2sta6A6A6A6A_86463b875506db24
1140029581,4786559,316,1,1,1,256,1,1,40,0.000,0.000,,,,,NVIDIA H100 80GB HBM3 (1),2,,23,comm_allreduce__allreduce_2sta6A6A6A6A_ecf4355538841c44
1140046276,4775390,313,1,1,1,256,1,1,40,0.000,0.000,,,,,NVIDIA H100 80GB HBM3 (0),1,,14,comm_allreduce__allreduce_2sta6A6A6A6A_86463b875506db24
1144817228,4769760,323,1,1,1,256,1,1,40,0.000,0.000,,,,,NVIDIA H100 80GB HBM3 (1),2,,23,comm_allreduce__allreduce_2sta6A6A6A6A_ecf4355538841c44
1144822690,4777533,320,1,1,1,256,1,1,40,0.000,0.000,,,,,NVIDIA H100 80GB HBM3 (0),1,,14,comm_allreduce__allreduce_2sta6A6A6A6A_86463b875506db24
1149587980,4778367,330,1,1,1,256,1,1,40,0.000,0.000,,,,,NVIDIA H100 80GB HBM3 (1),2,,23,comm_allreduce__allreduce_2sta6A6A6A6A_ecf4355538841c44
1149601151,4776925,327,1,1,1,256,1,1,40,0.000,0.000,,,,,NVIDIA H100 80GB HBM3 (0),1,,14,comm_allreduce__allreduce_2sta6A6A6A6A_86463b875506db24
1154368267,4777856,337,1,1,1,256,1,1,40,0.000,0.000,,,,,NVIDIA H100 80GB HBM3 (1),2,,23,comm_allreduce__allreduce_2sta6A6A6A6A_ecf4355538841c44
1154379932,4775197,334,1,1,1,256,1,1,40,0.000,0.000,,,,,NVIDIA H100 80GB HBM3 (0),1,,14,comm_allreduce__allreduce_2sta6A6A6A6A_86463b875506db24
1159148011,4774815,344,1,1,1,256,1,1,40,0.000,0.000,,,,,NVIDIA H100 80GB HBM3 (1),2,,23,comm_allreduce__allreduce_2sta6A6A6A6A_ecf4355538841c44
1159156953,4773438,341,1,1,1,256,1,1,40,0.000,0.000,,,,,NVIDIA H100 80GB HBM3 (0),1,,14,comm_allreduce__allreduce_2sta6A6A6A6A_86463b875506db24
1163924074,4771392,351,1,1,1,256,1,1,40,0.000,0.000,,,,,NVIDIA H100 80GB HBM3 (1),2,,23,comm_allreduce__allreduce_2sta6A6A6A6A_ecf4355538841c44
1163931415,4778621,348,1,1,1,256,1,1,40,0.000,0.000,,,,,NVIDIA H100 80GB HBM3 (0),1,,14,comm_allreduce__allreduce_2sta6A6A6A6A_86463b875506db24
1168696490,4784287,358,1,1,1,256,1,1,40,0.000,0.000,,,,,NVIDIA H100 80GB HBM3 (1),2,,23,comm_allreduce__allreduce_2sta6A6A6A6A_ecf4355538841c44
1168711636,4776157,355,1,1,1,256,1,1,40,0.000,0.000,,,,,NVIDIA H100 80GB HBM3 (0),1,,14,comm_allreduce__allreduce_2sta6A6A6A6A_86463b875506db24
1173482761,4773280,365,1,1,1,256,1,1,40,0.000,0.000,,,,,NVIDIA H100 80GB HBM3 (1),2,,23,comm_allreduce__allreduce_2sta6A6A6A6A_ecf4355538841c44
1173489745,4779294,362,1,1,1,256,1,1,40,0.000,0.000,,,,,NVIDIA H100 80GB HBM3 (0),1,,14,comm_allreduce__allreduce_2sta6A6A6A6A_86463b875506db24
1178257993,4778559,372,1,1,1,256,1,1,40,0.000,0.000,,,,,NVIDIA H100 80GB HBM3 (1),2,,23,comm_allreduce__allreduce_2sta6A6A6A6A_ecf4355538841c44
1178270927,4775293,369,1,1,1,256,1,1,40,0.000,0.000,,,,,NVIDIA H100 80GB HBM3 (0),1,,14,comm_allreduce__allreduce_2sta6A6A6A6A_86463b875506db24
1183037704,4767424,379,1,1,1,256,1,1,40,0.000,0.000,,,,,NVIDIA H100 80GB HBM3 (1),2,,23,comm_allreduce__allreduce_2sta6A6A6A6A_ecf4355538841c44
1183047244,4773629,376,1,1,1,256,1,1,40,0.000,0.000,,,,,NVIDIA H100 80GB HBM3 (0),1,,14,comm_allreduce__allreduce_2sta6A6A6A6A_86463b875506db24
1187806088,4785151,386,1,1,1,256,1,1,40,0.000,0.000,,,,,NVIDIA H100 80GB HBM3 (1),2,,23,comm_allreduce__allreduce_2sta6A6A6A6A_ecf4355538841c44
1187821897,4776189,383,1,1,1,256,1,1,40,0.000,0.000,,,,,NVIDIA H100 80GB HBM3 (0),1,,14,comm_allreduce__allreduce_2sta6A6A6A6A_86463b875506db24
1192593063,4770623,393,1,1,1,256,1,1,40,0.000,0.000,,,,,NVIDIA H100 80GB HBM3 (1),2,,23,comm_allreduce__allreduce_2sta6A6A6A6A_ecf4355538841c44
1192599974,4775326,390,1,1,1,256,1,1,40,0.000,0.000,,,,,NVIDIA H100 80GB HBM3 (0),1,,14,comm_allreduce__allreduce_2sta6A6A6A6A_86463b875506db24
1197365606,4774560,400,1,1,1,256,1,1,40,0.000,0.000,,,,,NVIDIA H100 80GB HBM3 (1),2,,23,comm_allreduce__allreduce_2sta6A6A6A6A_ecf4355538841c44
1197377220,4781629,397,1,1,1,256,1,1,40,0.000,0.000,,,,,NVIDIA H100 80GB HBM3 (0),1,,14,comm_allreduce__allreduce_2sta6A6A6A6A_86463b875506db24
1202141158,4791551,407,1,1,1,256,1,1,40,0.000,0.000,,,,,NVIDIA H100 80GB HBM3 (1),2,,23,comm_allreduce__allreduce_2sta6A6A6A6A_ecf4355538841c44
1202159777,4774845,404,1,1,1,256,1,1,40,0.000,0.000,,,,,NVIDIA H100 80GB HBM3 (0),1,,14,comm_allreduce__allreduce_2sta6A6A6A6A_86463b875506db24
1206933733,4762752,414,1,1,1,256,1,1,40,0.000,0.000,,,,,NVIDIA H100 80GB HBM3 (1),2,,23,comm_allreduce__allreduce_2sta6A6A6A6A_ecf4355538841c44
1206935742,4774589,411,1,1,1,256,1,1,40,0.000,0.000,,,,,NVIDIA H100 80GB HBM3 (0),1,,14,comm_allreduce__allreduce_2sta6A6A6A6A_86463b875506db24
1211698597,4781535,421,1,1,1,256,1,1,40,0.000,0.000,,,,,NVIDIA H100 80GB HBM3 (1),2,,23,comm_allreduce__allreduce_2sta6A6A6A6A_ecf4355538841c44
1211712283,4780702,418,1,1,1,256,1,1,40,0.000,0.000,,,,,NVIDIA H100 80GB HBM3 (0),1,,14,comm_allreduce__allreduce_2sta6A6A6A6A_86463b875506db24
1216482084,4770624,428,1,1,1,256,1,1,40,0.000,0.000,,,,,NVIDIA H100 80GB HBM3 (1),2,,23,comm_allreduce__allreduce_2sta6A6A6A6A_ecf4355538841c44
1216495033,4774301,425,1,1,1,256,1,1,40,0.000,0.000,,,,,NVIDIA H100 80GB HBM3 (0),1,,14,comm_allreduce__allreduce_2sta6A6A6A6A_86463b875506db24
1221254084,4781631,435,1,1,1,256,1,1,40,0.000,0.000,,,,,NVIDIA H100 80GB HBM3 (1),2,,23,comm_allreduce__allreduce_2sta6A6A6A6A_ecf4355538841c44
1221270422,4779869,432,1,1,1,256,1,1,40,0.000,0.000,,,,,NVIDIA H100 80GB HBM3 (0),1,,14,comm_allreduce__allreduce_2sta6A6A6A6A_86463b875506db24
1226036675,4782560,442,1,1,1,256,1,1,40,0.000,0.000,,,,,NVIDIA H100 80GB HBM3 (1),2,,23,comm_allreduce__allreduce_2sta6A6A6A6A_ecf4355538841c44
1226051219,4779613,439,1,1,1,256,1,1,40,0.000,0.000,,,,,NVIDIA H100 80GB HBM3 (0),1,,14,comm_allreduce__allreduce_2sta6A6A6A6A_86463b875506db24
1230821123,4773631,449,1,1,1,256,1,1,40,0.000,0.000,,,,,NVIDIA H100 80GB HBM3 (1),2,,23,comm_allreduce__allreduce_2sta6A6A6A6A_ecf4355538841c44
1230832688,4779294,446,1,1,1,256,1,1,40,0.000,0.000,,,,,NVIDIA H100 80GB HBM3 (0),1,,14,comm_allreduce__allreduce_2sta6A6A6A6A_86463b875506db24
1235596738,4788480,456,1,1,1,256,1,1,40,0.000,0.000,,,,,NVIDIA H100 80GB HBM3 (1),2,,23,comm_allreduce__allreduce_2sta6A6A6A6A_ecf4355538841c44
1235613838,4778813,453,1,1,1,256,1,1,40,0.000,0.000,,,,,NVIDIA H100 80GB HBM3 (0),1,,14,comm_allreduce__allreduce_2sta6A6A6A6A_86463b875506db24
1240386274,4776031,463,1,1,1,256,1,1,40,0.000,0.000,,,,,NVIDIA H100 80GB HBM3 (1),2,,23,comm_allreduce__allreduce_2sta6A6A6A6A_ecf4355538841c44
1240393547,4779965,460,1,1,1,256,1,1,40,0.000,0.000,,,,,NVIDIA H100 80GB HBM3 (0),1,,14,comm_allreduce__allreduce_2sta6A6A6A6A_86463b875506db24
1245163425,4778112,470,1,1,1,256,1,1,40,0.000,0.000,,,,,NVIDIA H100 80GB HBM3 (1),2,,23,comm_allreduce__allreduce_2sta6A6A6A6A_ecf4355538841c44
1245174760,4775741,467,1,1,1,256,1,1,40,0.000,0.000,,,,,NVIDIA H100 80GB HBM3 (0),1,,14,comm_allreduce__allreduce_2sta6A6A6A6A_86463b875506db24
1249943649,4776031,477,1,1,1,256,1,1,40,0.000,0.000,,,,,NVIDIA H100 80GB HBM3 (1),2,,23,comm_allreduce__allreduce_2sta6A6A6A6A_ecf4355538841c44
1249952485,4776990,474,1,1,1,256,1,1,40,0.000,0.000,,,,,NVIDIA H100 80GB HBM3 (0),1,,14,comm_allreduce__allreduce_2sta6A6A6A6A_86463b875506db24
1254721728,4778720,484,1,1,1,256,1,1,40,0.000,0.000,,,,,NVIDIA H100 80GB HBM3 (1),2,,23,comm_allreduce__allreduce_2sta6A6A6A6A_ecf4355538841c44
1254731555,4776957,481,1,1,1,256,1,1,40,0.000,0.000,,,,,NVIDIA H100 80GB HBM3 (0),1,,14,comm_allreduce__allreduce_2sta6A6A6A6A_86463b875506db24
1259501504,4775263,491,1,1,1,256,1,1,40,0.000,0.000,,,,,NVIDIA H100 80GB HBM3 (1),2,,23,comm_allreduce__allreduce_2sta6A6A6A6A_ecf4355538841c44
1259509568,4770717,488,1,1,1,256,1,1,40,0.000,0.000,,,,,NVIDIA H100 80GB HBM3 (0),1,,14,comm_allreduce__allreduce_2sta6A6A6A6A_86463b875506db24
1264277759,4766368,498,1,1,1,256,1,1,40,0.000,0.000,,,,,NVIDIA H100 80GB HBM3 (1),2,,23,comm_allreduce__allreduce_2sta6A6A6A6A_ecf4355538841c44
1264281213,4774781,495,1,1,1,256,1,1,40,0.000,0.000,,,,,NVIDIA H100 80GB HBM3 (0),1,,14,comm_allreduce__allreduce_2sta6A6A6A6A_86463b875506db24
1269045983,4780607,505,1,1,1,256,1,1,40,0.000,0.000,,,,,NVIDIA H100 80GB HBM3 (1),2,,23,comm_allreduce__allreduce_2sta6A6A6A6A_ecf4355538841c44
1269057754,4774910,502,1,1,1,256,1,1,40,0.000,0.000,,,,,NVIDIA H100 80GB HBM3 (0),1,,14,comm_allreduce__allreduce_2sta6A6A6A6A_86463b875506db24
1273828478,4772063,512,1,1,1,256,1,1,40,0.000,0.000,,,,,NVIDIA H100 80GB HBM3 (1),2,,23,comm_allreduce__allreduce_2sta6A6A6A6A_ecf4355538841c44
1273834552,4782237,509,1,1,1,256,1,1,40,0.000,0.000,,,,,NVIDIA H100 80GB HBM3 (0),1,,14,comm_allreduce__allreduce_2sta6A6A6A6A_86463b875506db24
1278601501,4782912,519,1,1,1,256,1,1,40,0.000,0.000,,,,,NVIDIA H100 80GB HBM3 (1),2,,23,comm_allreduce__allreduce_2sta6A6A6A6A_ecf4355538841c44
1278617845,4779101,516,1,1,1,256,1,1,40,0.000,0.000,,,,,NVIDIA H100 80GB HBM3 (0),1,,14,comm_allreduce__allreduce_2sta6A6A6A6A_86463b875506db24
1283385437,4782655,526,1,1,1,256,1,1,40,0.000,0.000,,,,,NVIDIA H100 80GB HBM3 (1),2,,23,comm_allreduce__allreduce_2sta6A6A6A6A_ecf4355538841c44
1283397970,4773021,523,1,1,1,256,1,1,40,0.000,0.000,,,,,NVIDIA H100 80GB HBM3 (0),1,,14,comm_allreduce__allreduce_2sta6A6A6A6A_86463b875506db24
1288170044,4768384,533,1,1,1,256,1,1,40,0.000,0.000,,,,,NVIDIA H100 80GB HBM3 (1),2,,23,comm_allreduce__allreduce_2sta6A6A6A6A_ecf4355538841c44
1288172943,4779838,530,1,1,1,256,1,1,40,0.000,0.000,,,,,NVIDIA H100 80GB HBM3 (0),1,,14,comm_allreduce__allreduce_2sta6A6A6A6A_86463b875506db24
1292940412,4778207,540,1,1,1,256,1,1,40,0.000,0.000,,,,,NVIDIA H100 80GB HBM3 (1),2,,23,comm_allreduce__allreduce_2sta6A6A6A6A_ecf4355538841c44
1292954765,4782397,537,1,1,1,256,1,1,40,0.000,0.000,,,,,NVIDIA H100 80GB HBM3 (0),1,,14,comm_allreduce__allreduce_2sta6A6A6A6A_86463b875506db24
1297719675,4781856,547,1,1,1,256,1,1,40,0.000,0.000,,,,,NVIDIA H100 80GB HBM3 (1),2,,23,comm_allreduce__allreduce_2sta6A6A6A6A_ecf4355538841c44
1297738218,4776413,544,1,1,1,256,1,1,40,0.000,0.000,,,,,NVIDIA H100 80GB HBM3 (0),1,,14,comm_allreduce__allreduce_2sta6A6A6A6A_86463b875506db24
1302502555,4780639,554,1,1,1,256,1,1,40,0.000,0.000,,,,,NVIDIA H100 80GB HBM3 (1),2,,23,comm_allreduce__allreduce_2sta6A6A6A6A_ecf4355538841c44
1302515591,4780541,551,1,1,1,256,1,1,40,0.000,0.000,,,,,NVIDIA H100 80GB HBM3 (0),1,,14,comm_allreduce__allreduce_2sta6A6A6A6A_86463b875506db24
1307285050,4776160,561,1,1,1,256,1,1,40,0.000,0.000,,,,,NVIDIA H100 80GB HBM3 (1),2,,23,comm_allreduce__allreduce_2sta6A6A6A6A_ecf4355538841c44
1307297956,4777310,558,1,1,1,256,1,1,40,0.000,0.000,,,,,NVIDIA H100 80GB HBM3 (0),1,,14,comm_allreduce__allreduce_2sta6A6A6A6A_86463b875506db24
1312062970,4779007,568,1,1,1,256,1,1,40,0.000,0.000,,,,,NVIDIA H100 80GB HBM3 (1),2,,23,comm_allreduce__allreduce_2sta6A6A6A6A_ecf4355538841c44
1312077026,4777533,565,1,1,1,256,1,1,40,0.000,0.000,,,,,NVIDIA H100 80GB HBM3 (0),1,,14,comm_allreduce__allreduce_2sta6A6A6A6A_86463b875506db24
1316843001,4778304,575,1,1,1,256,1,1,40,0.000,0.000,,,,,NVIDIA H100 80GB HBM3 (1),2,,23,comm_allreduce__allreduce_2sta6A6A6A6A_ecf4355538841c44
1316855615,4774877,572,1,1,1,256,1,1,40,0.000,0.000,,,,,NVIDIA H100 80GB HBM3 (0),1,,14,comm_allreduce__allreduce_2sta6A6A6A6A_86463b875506db24
1321622425,4780863,582,1,1,1,256,1,1,40,0.000,0.000,,,,,NVIDIA H100 80GB HBM3 (1),2,,23,comm_allreduce__allreduce_2sta6A6A6A6A_ecf4355538841c44
1321632060,4774014,579,1,1,1,256,1,1,40,0.000,0.000,,,,,NVIDIA H100 80GB HBM3 (0),1,,14,comm_allreduce__allreduce_2sta6A6A6A6A_86463b875506db24
1326405368,4767456,589,1,1,1,256,1,1,40,0.000,0.000,,,,,NVIDIA H100 80GB HBM3 (1),2,,23,comm_allreduce__allreduce_2sta6A6A6A6A_ecf4355538841c44
1326408122,4779357,586,1,1,1,256,1,1,40,0.000,0.000,,,,,NVIDIA H100 80GB HBM3 (0),1,,14,comm_allreduce__allreduce_2sta6A6A6A6A_86463b875506db24
1331174712,4780543,596,1,1,1,256,1,1,40,0.000,0.000,,,,,NVIDIA H100 80GB HBM3 (1),2,,23,comm_allreduce__allreduce_2sta6A6A6A6A_ecf4355538841c44
1331189367,4777213,593,1,1,1,256,1,1,40,0.000,0.000,,,,,NVIDIA H100 80GB HBM3 (0),1,,14,comm_allreduce__allreduce_2sta6A6A6A6A_86463b875506db24
1335956343,4778272,603,1,1,1,256,1,1,40,0.000,0.000,,,,,NVIDIA H100 80GB HBM3 (1),2,,23,comm_allreduce__allreduce_2sta6A6A6A6A_ecf4355538841c44
1335967604,4776221,600,1,1,1,256,1,1,40,0.000,0.000,,,,,NVIDIA H100 80GB HBM3 (0),1,,14,comm_allreduce__allreduce_2sta6A6A6A6A_86463b875506db24
1340735895,4776383,610,1,1,1,256,1,1,40,0.000,0.000,,,,,NVIDIA H100 80GB HBM3 (1),2,,23,comm_allreduce__allreduce_2sta6A6A6A6A_ecf4355538841c44
1340744753,4780606,607,1,1,1,256,1,1,40,0.000,0.000,,,,,NVIDIA H100 80GB HBM3 (0),1,,14,comm_allreduce__allreduce_2sta6A6A6A6A_86463b875506db24
1345514166,4779872,617,1,1,1,256,1,1,40,0.000,0.000,,,,,NVIDIA H100 80GB HBM3 (1),2,,23,comm_allreduce__allreduce_2sta6A6A6A6A_ecf4355538841c44
1345527151,4779357,614,1,1,1,256,1,1,40,0.000,0.000,,,,,NVIDIA H100 80GB HBM3 (0),1,,14,comm_allreduce__allreduce_2sta6A6A6A6A_86463b875506db24
1350295926,4773567,624,1,1,1,256,1,1,40,0.000,0.000,,,,,NVIDIA H100 80GB HBM3 (1),2,,23,comm_allreduce__allreduce_2sta6A6A6A6A_ecf4355538841c44
1350308364,4776157,621,1,1,1,256,1,1,40,0.000,0.000,,,,,NVIDIA H100 80GB HBM3 (0),1,,14,comm_allreduce__allreduce_2sta6A6A6A6A_86463b875506db24
1355070517,4780032,631,1,1,1,256,1,1,40,0.000,0.000,,,,,NVIDIA H100 80GB HBM3 (1),2,,23,comm_allreduce__allreduce_2sta6A6A6A6A_ecf4355538841c44
1355085513,4779357,628,1,1,1,256,1,1,40,0.000,0.000,,,,,NVIDIA H100 80GB HBM3 (0),1,,14,comm_allreduce__allreduce_2sta6A6A6A6A_86463b875506db24
1359851637,4777567,638,1,1,1,256,1,1,40,0.000,0.000,,,,,NVIDIA H100 80GB HBM3 (1),2,,23,comm_allreduce__allreduce_2sta6A6A6A6A_ecf4355538841c44
1359865894,4778718,635,1,1,1,256,1,1,40,0.000,0.000,,,,,NVIDIA H100 80GB HBM3 (0),1,,14,comm_allreduce__allreduce_2sta6A6A6A6A_86463b875506db24
1364631124,4781279,645,1,1,1,256,1,1,40,0.000,0.000,,,,,NVIDIA H100 80GB HBM3 (1),2,,23,comm_allreduce__allreduce_2sta6A6A6A6A_ecf4355538841c44
1364646628,4779069,642,1,1,1,256,1,1,40,0.000,0.000,,,,,NVIDIA H100 80GB HBM3 (0),1,,14,comm_allreduce__allreduce_2sta6A6A6A6A_86463b875506db24
1369414387,4781536,652,1,1,1,256,1,1,40,0.000,0.000,,,,,NVIDIA H100 80GB HBM3 (1),2,,23,comm_allreduce__allreduce_2sta6A6A6A6A_ecf4355538841c44
1369427777,4772541,649,1,1,1,256,1,1,40,0.000,0.000,,,,,NVIDIA H100 80GB HBM3 (0),1,,14,comm_allreduce__allreduce_2sta6A6A6A6A_86463b875506db24
1374197331,4769375,659,1,1,1,256,1,1,40,0.000,0.000,,,,,NVIDIA H100 80GB HBM3 (1),2,,23,comm_allreduce__allreduce_2sta6A6A6A6A_ecf4355538841c44
1374201374,4774685,656,1,1,1,256,1,1,40,0.000,0.000,,,,,NVIDIA H100 80GB HBM3 (0),1,,14,comm_allreduce__allreduce_2sta6A6A6A6A_86463b875506db24
1378967698,4775808,666,1,1,1,256,1,1,40,0.000,0.000,,,,,NVIDIA H100 80GB HBM3 (1),2,,23,comm_allreduce__allreduce_2sta6A6A6A6A_ecf4355538841c44
1378976987,4775806,663,1,1,1,256,1,1,40,0.000,0.000,,,,,NVIDIA H100 80GB HBM3 (0),1,,14,comm_allreduce__allreduce_2sta6A6A6A6A_86463b875506db24
1383745426,4777759,673,1,1,1,256,1,1,40,0.000,0.000,,,,,NVIDIA H100 80GB HBM3 (1),2,,23,comm_allreduce__allreduce_2sta6A6A6A6A_ecf4355538841c44
1383754745,4773533,670,1,1,1,256,1,1,40,0.000,0.000,,,,,NVIDIA H100 80GB HBM3 (0),1,,14,comm_allreduce__allreduce_2sta6A6A6A6A_86463b875506db24
1388525041,4766912,680,1,1,1,256,1,1,40,0.000,0.000,,,,,NVIDIA H100 80GB HBM3 (1),2,,23,comm_allreduce__allreduce_2sta6A6A6A6A_ecf4355538841c44
1388530166,4776061,677,1,1,1,256,1,1,40,0.000,0.000,,,,,NVIDIA H100 80GB HBM3 (0),1,,14,comm_allreduce__allreduce_2sta6A6A6A6A_86463b875506db24
1393292849,4774591,687,1,1,1,256,1,1,40,0.000,0.000,,,,,NVIDIA H100 80GB HBM3 (1),2,,23,comm_allreduce__allreduce_2sta6A6A6A6A_ecf4355538841c44
1393307155,4779421,684,1,1,1,256,1,1,40,0.000,0.000,,,,,NVIDIA H100 80GB HBM3 (0),1,,14,comm_allreduce__allreduce_2sta6A6A6A6A_86463b875506db24
1398068528,4786272,694,1,1,1,256,1,1,40,0.000,0.000,,,,,NVIDIA H100 80GB HBM3 (1),2,,23,comm_allreduce__allreduce_2sta6A6A6A6A_ecf4355538841c44
1398087600,4774430,691,1,1,1,256,1,1,40,0.000,0.000,,,,,NVIDIA H100 80GB HBM3 (0),1,,14,comm_allreduce__allreduce_2sta6A6A6A6A_86463b875506db24
1402856784,4771775,701,1,1,1,256,1,1,40,0.000,0.000,,,,,NVIDIA H100 80GB HBM3 (1),2,,23,comm_allreduce__allreduce_2sta6A6A6A6A_ecf4355538841c44
1402863982,4777757,698,1,1,1,256,1,1,40,0.000,0.000,,,,,NVIDIA H100 80GB HBM3 (0),1,,14,comm_allreduce__allreduce_2sta6A6A6A6A_86463b875506db24
1407630511,4781056,708,1,1,1,256,1,1,40,0.000,0.000,,,,,NVIDIA H100 80GB HBM3 (1),2,,23,comm_allreduce__allreduce_2sta6A6A6A6A_ecf4355538841c44
1407643915,4775229,705,1,1,1,256,1,1,40,0.000,0.000,,,,,NVIDIA H100 80GB HBM3 (0),1,,14,comm_allreduce__allreduce_2sta6A6A6A6A_86463b875506db24
1412412751,4778175,715,1,1,1,256,1,1,40,0.000,0.000,,,,,NVIDIA H100 80GB HBM3 (1),2,,23,comm_allreduce__allreduce_2sta6A6A6A6A_ecf4355538841c44
1412420168,4781853,712,1,1,1,256,1,1,40,0.000,0.000,,,,,NVIDIA H100 80GB HBM3 (0),1,,14,comm_allreduce__allreduce_2sta6A6A6A6A_86463b875506db24
1417191918,4779840,722,1,1,1,256,1,1,40,0.000,0.000,,,,,NVIDIA H100 80GB HBM3 (1),2,,23,comm_allreduce__allreduce_2sta6A6A6A6A_ecf4355538841c44
1417202949,4778846,719,1,1,1,256,1,1,40,0.000,0.000,,,,,NVIDIA H100 80GB HBM3 (0),1,,14,comm_allreduce__allreduce_2sta6A6A6A6A_86463b875506db24
1421973678,4774751,729,1,1,1,256,1,1,40,0.000,0.000,,,,,NVIDIA H100 80GB HBM3 (1),2,,23,comm_allreduce__allreduce_2sta6A6A6A6A_ecf4355538841c44
1421983747,4779965,726,1,1,1,256,1,1,40,0.000,0.000,,,,,NVIDIA H100 80GB HBM3 (0),1,,14,comm_allreduce__allreduce_2sta6A6A6A6A_86463b875506db24
1426750349,4778688,736,1,1,1,256,1,1,40,0.000,0.000,,,,,NVIDIA H100 80GB HBM3 (1),2,,23,comm_allreduce__allreduce_2sta6A6A6A6A_ecf4355538841c44
1426765568,4776829,733,1,1,1,256,1,1,40,0.000,0.000,,,,,NVIDIA H100 80GB HBM3 (0),1,,14,comm_allreduce__allreduce_2sta6A6A6A6A_86463b875506db24
1431530093,4782399,743,1,1,1,256,1,1,40,0.000,0.000,,,,,NVIDIA H100 80GB HBM3 (1),2,,23,comm_allreduce__allreduce_2sta6A6A6A6A_ecf4355538841c44
1431543421,4779165,740,1,1,1,256,1,1,40,0.000,0.000,,,,,NVIDIA H100 80GB HBM3 (0),1,,14,comm_allreduce__allreduce_2sta6A6A6A6A_86463b875506db24
1436313612,4773408,750,1,1,1,256,1,1,40,0.000,0.000,,,,,NVIDIA H100 80GB HBM3 (1),2,,23,comm_allreduce__allreduce_2sta6A6A6A6A_ecf4355538841c44
1436323610,4776574,747,1,1,1,256,1,1,40,0.000,0.000,,,,,NVIDIA H100 80GB HBM3 (0),1,,14,comm_allreduce__allreduce_2sta6A6A6A6A_86463b875506db24
1441089036,4783167,757,1,1,1,256,1,1,40,0.000,0.000,,,,,NVIDIA H100 80GB HBM3 (1),2,,23,comm_allreduce__allreduce_2sta6A6A6A6A_ecf4355538841c44
1441102136,4772285,754,1,1,1,256,1,1,40,0.000,0.000,,,,,NVIDIA H100 80GB HBM3 (0),1,,14,comm_allreduce__allreduce_2sta6A6A6A6A_86463b875506db24
1445874123,4764288,764,1,1,1,256,1,1,40,0.000,0.000,,,,,NVIDIA H100 80GB HBM3 (1),2,,23,comm_allreduce__allreduce_2sta6A6A6A6A_ecf4355538841c44
1445876437,4778013,761,1,1,1,256,1,1,40,0.000,0.000,,,,,NVIDIA H100 80GB HBM3 (0),1,,14,comm_allreduce__allreduce_2sta6A6A6A6A_86463b875506db24
1450639435,4779359,771,1,1,1,256,1,1,40,0.000,0.000,,,,,NVIDIA H100 80GB HBM3 (1),2,,23,comm_allreduce__allreduce_2sta6A6A6A6A_ecf4355538841c44
1450655538,4771134,768,1,1,1,256,1,1,40,0.000,0.000,,,,,NVIDIA H100 80GB HBM3 (0),1,,14,comm_allreduce__allreduce_2sta6A6A6A6A_86463b875506db24
1455420074,4776863,778,1,1,1,256,1,1,40,0.000,0.000,,,,,NVIDIA H100 80GB HBM3 (1),2,,23,comm_allreduce__allreduce_2sta6A6A6A6A_ecf4355538841c44
1455427600,4777085,775,1,1,1,256,1,1,40,0.000,0.000,,,,,NVIDIA H100 80GB HBM3 (0),1,,14,comm_allreduce__allreduce_2sta6A6A6A6A_86463b875506db24
1460198857,4776864,785,1,1,1,256,1,1,40,0.000,0.000,,,,,NVIDIA H100 80GB HBM3 (1),2,,23,comm_allreduce__allreduce_2sta6A6A6A6A_ecf4355538841c44
1460206669,4779197,782,1,1,1,256,1,1,40,0.000,0.000,,,,,NVIDIA H100 80GB HBM3 (0),1,,14,comm_allreduce__allreduce_2sta6A6A6A6A_86463b875506db24
1464977513,4775871,792,1,1,1,256,1,1,40,0.000,0.000,,,,,NVIDIA H100 80GB HBM3 (1),2,,23,comm_allreduce__allreduce_2sta6A6A6A6A_ecf4355538841c44
1464987690,4775869,789,1,1,1,256,1,1,40,0.000,0.000,,,,,NVIDIA H100 80GB HBM3 (0),1,,14,comm_allreduce__allreduce_2sta6A6A6A6A_86463b875506db24
1469754408,4777344,799,1,1,1,256,1,1,40,0.000,0.000,,,,,NVIDIA H100 80GB HBM3 (1),2,,23,comm_allreduce__allreduce_2sta6A6A6A6A_ecf4355538841c44
1469764455,4778302,796,1,1,1,256,1,1,40,0.000,0.000,,,,,NVIDIA H100 80GB HBM3 (0),1,,14,comm_allreduce__allreduce_2sta6A6A6A6A_86463b875506db24
1474533128,4775519,806,1,1,1,256,1,1,40,0.000,0.000,,,,,NVIDIA H100 80GB HBM3 (1),2,,23,comm_allreduce__allreduce_2sta6A6A6A6A_ecf4355538841c44
1474543781,4779773,803,1,1,1,256,1,1,40,0.000,0.000,,,,,NVIDIA H100 80GB HBM3 (0),1,,14,comm_allreduce__allreduce_2sta6A6A6A6A_86463b875506db24
1479310727,4778848,813,1,1,1,256,1,1,40,0.000,0.000,,,,,NVIDIA H100 80GB HBM3 (1),2,,23,comm_allreduce__allreduce_2sta6A6A6A6A_ecf4355538841c44
1479325538,4775741,810,1,1,1,256,1,1,40,0.000,0.000,,,,,NVIDIA H100 80GB HBM3 (0),1,,14,comm_allreduce__allreduce_2sta6A6A6A6A_86463b875506db24
1484091495,4778367,820,1,1,1,256,1,1,40,0.000,0.000,,,,,NVIDIA H100 80GB HBM3 (1),2,,23,comm_allreduce__allreduce_2sta6A6A6A6A_ecf4355538841c44
1484103263,4776317,817,1,1,1,256,1,1,40,0.000,0.000,,,,,NVIDIA H100 80GB HBM3 (0),1,,14,comm_allreduce__allreduce_2sta6A6A6A6A_86463b875506db24
1488871270,4776896,827,1,1,1,256,1,1,40,0.000,0.000,,,,,NVIDIA H100 80GB HBM3 (1),2,,23,comm_allreduce__allreduce_2sta6A6A6A6A_ecf4355538841c44
1488880668,4777182,824,1,1,1,256,1,1,40,0.000,0.000,,,,,NVIDIA H100 80GB HBM3 (0),1,,14,comm_allreduce__allreduce_2sta6A6A6A6A_86463b875506db24
1493649158,4779935,834,1,1,1,256,1,1,40,0.000,0.000,,,,,NVIDIA H100 80GB HBM3 (1),2,,23,comm_allreduce__allreduce_2sta6A6A6A6A_ecf4355538841c44
1493658842,4776893,831,1,1,1,256,1,1,40,0.000,0.000,,,,,NVIDIA H100 80GB HBM3 (0),1,,14,comm_allreduce__allreduce_2sta6A6A6A6A_86463b875506db24
1498431077,4769920,841,1,1,1,256,1,1,40,0.000,0.000,,,,,NVIDIA H100 80GB HBM3 (1),2,,23,comm_allreduce__allreduce_2sta6A6A6A6A_ecf4355538841c44
1498437527,4781277,838,1,1,1,256,1,1,40,0.000,0.000,,,,,NVIDIA H100 80GB HBM3 (0),1,,14,comm_allreduce__allreduce_2sta6A6A6A6A_86463b875506db24
1503202917,4782687,848,1,1,1,256,1,1,40,0.000,0.000,,,,,NVIDIA H100 80GB HBM3 (1),2,,23,comm_allreduce__allreduce_2sta6A6A6A6A_ecf4355538841c44
1503220596,4771389,845,1,1,1,256,1,1,40,0.000,0.000,,,,,NVIDIA H100 80GB HBM3 (0),1,,14,comm_allreduce__allreduce_2sta6A6A6A6A_86463b875506db24
1507986628,4773472,855,1,1,1,256,1,1,40,0.000,0.000,,,,,NVIDIA H100 80GB HBM3 (1),2,,23,comm_allreduce__allreduce_2sta6A6A6A6A_ecf4355538841c44
1507993041,4772766,852,1,1,1,256,1,1,40,0.000,0.000,,,,,NVIDIA H100 80GB HBM3 (0),1,,14,comm_allreduce__allreduce_2sta6A6A6A6A_86463b875506db24
1512761188,4770111,862,1,1,1,256,1,1,40,0.000,0.000,,,,,NVIDIA H100 80GB HBM3 (1),2,,23,comm_allreduce__allreduce_2sta6A6A6A6A_ecf4355538841c44
1512766831,4774493,859,1,1,1,256,1,1,40,0.000,0.000,,,,,NVIDIA H100 80GB HBM3 (0),1,,14,comm_allreduce__allreduce_2sta6A6A6A6A_86463b875506db24
1517533347,4780032,869,1,1,1,256,1,1,40,0.000,0.000,,,,,NVIDIA H100 80GB HBM3 (1),2,,23,comm_allreduce__allreduce_2sta6A6A6A6A_ecf4355538841c44
1517543244,4771133,866,1,1,1,256,1,1,40,0.000,0.000,,,,,NVIDIA H100 80GB HBM3 (0),1,,14,comm_allreduce__allreduce_2sta6A6A6A6A_86463b875506db24
1522315363,4763391,876,1,1,1,256,1,1,40,0.000,0.000,,,,,NVIDIA H100 80GB HBM3 (1),2,,23,comm_allreduce__allreduce_2sta6A6A6A6A_ecf4355538841c44
1522316521,4777981,873,1,1,1,256,1,1,40,0.000,0.000,,,,,NVIDIA H100 80GB HBM3 (0),1,,14,comm_allreduce__allreduce_2sta6A6A6A6A_86463b875506db24
1527079842,4785248,883,1,1,1,256,1,1,40,0.000,0.000,,,,,NVIDIA H100 80GB HBM3 (1),2,,23,comm_allreduce__allreduce_2sta6A6A6A6A_ecf4355538841c44
1527095494,4773086,880,1,1,1,256,1,1,40,0.000,0.000,,,,,NVIDIA H100 80GB HBM3 (0),1,,14,comm_allreduce__allreduce_2sta6A6A6A6A_86463b875506db24
1531866050,4766815,890,1,1,1,256,1,1,40,0.000,0.000,,,,,NVIDIA H100 80GB HBM3 (1),2,,23,comm_allreduce__allreduce_2sta6A6A6A6A_ecf4355538841c44
1531869508,4779229,887,1,1,1,256,1,1,40,0.000,0.000,,,,,NVIDIA H100 80GB HBM3 (0),1,,14,comm_allreduce__allreduce_2sta6A6A6A6A_86463b875506db24
1536634753,4779488,897,1,1,1,256,1,1,40,0.000,0.000,,,,,NVIDIA H100 80GB HBM3 (1),2,,23,comm_allreduce__allreduce_2sta6A6A6A6A_ecf4355538841c44
1536650561,4779581,894,1,1,1,256,1,1,40,0.000,0.000,,,,,NVIDIA H100 80GB HBM3 (0),1,,14,comm_allreduce__allreduce_2sta6A6A6A6A_86463b875506db24
1541416225,4784799,904,1,1,1,256,1,1,40,0.000,0.000,,,,,NVIDIA H100 80GB HBM3 (1),2,,23,comm_allreduce__allreduce_2sta6A6A6A6A_ecf4355538841c44
1541431934,4771037,901,1,1,1,256,1,1,40,0.000,0.000,,,,,NVIDIA H100 80GB HBM3 (0),1,,14,comm_allreduce__allreduce_2sta6A6A6A6A_86463b875506db24
1546201984,4763295,911,1,1,1,256,1,1,40,0.000,0.000,,,,,NVIDIA H100 80GB HBM3 (1),2,,23,comm_allreduce__allreduce_2sta6A6A6A6A_ecf4355538841c44
1546203931,4773118,908,1,1,1,256,1,1,40,0.000,0.000,,,,,NVIDIA H100 80GB HBM3 (0),1,,14,comm_allreduce__allreduce_2sta6A6A6A6A_86463b875506db24
1550966847,4775648,918,1,1,1,256,1,1,40,0.000,0.000,,,,,NVIDIA H100 80GB HBM3 (1),2,,23,comm_allreduce__allreduce_2sta6A6A6A6A_ecf4355538841c44
1550978105,4778333,915,1,1,1,256,1,1,40,0.000,0.000,,,,,NVIDIA H100 80GB HBM3 (0),1,,14,comm_allreduce__allreduce_2sta6A6A6A6A_86463b875506db24
1555744415,4786111,925,1,1,1,256,1,1,40,0.000,0.000,,,,,NVIDIA H100 80GB HBM3 (1),2,,23,comm_allreduce__allreduce_2sta6A6A6A6A_ecf4355538841c44
1555758454,4776413,922,1,1,1,256,1,1,40,0.000,0.000,,,,,NVIDIA H100 80GB HBM3 (0),1,,14,comm_allreduce__allreduce_2sta6A6A6A6A_86463b875506db24
1560532510,4771296,932,1,1,1,256,1,1,40,0.000,0.000,,,,,NVIDIA H100 80GB HBM3 (1),2,,23,comm_allreduce__allreduce_2sta6A6A6A6A_ecf4355538841c44
1560536755,4774909,929,1,1,1,256,1,1,40,0.000,0.000,,,,,NVIDIA H100 80GB HBM3 (0),1,,14,comm_allreduce__allreduce_2sta6A6A6A6A_86463b875506db24
1565305182,4773599,939,1,1,1,256,1,1,40,0.000,0.000,,,,,NVIDIA H100 80GB HBM3 (1),2,,23,comm_allreduce__allreduce_2sta6A6A6A6A_ecf4355538841c44
1565312656,4780894,936,1,1,1,256,1,1,40,0.000,0.000,,,,,NVIDIA H100 80GB HBM3 (0),1,,14,comm_allreduce__allreduce_2sta6A6A6A6A_86463b875506db24
1570079773,4776320,946,1,1,1,256,1,1,40,0.000,0.000,,,,,NVIDIA H100 80GB HBM3 (1),2,,23,comm_allreduce__allreduce_2sta6A6A6A6A_ecf4355538841c44
1570094510,4779837,943,1,1,1,256,1,1,40,0.000,0.000,,,,,NVIDIA H100 80GB HBM3 (0),1,,14,comm_allreduce__allreduce_2sta6A6A6A6A_86463b875506db24
1574857949,4784479,953,1,1,1,256,1,1,40,0.000,0.000,,,,,NVIDIA H100 80GB HBM3 (1),2,,23,comm_allreduce__allreduce_2sta6A6A6A6A_ecf4355538841c44
1574876203,4774525,950,1,1,1,256,1,1,40,0.000,0.000,,,,,NVIDIA H100 80GB HBM3 (0),1,,14,comm_allreduce__allreduce_2sta6A6A6A6A_86463b875506db24
1579644284,4775264,960,1,1,1,256,1,1,40,0.000,0.000,,,,,NVIDIA H100 80GB HBM3 (1),2,,23,comm_allreduce__allreduce_2sta6A6A6A6A_ecf4355538841c44
1579652584,4780318,957,1,1,1,256,1,1,40,0.000,0.000,,,,,NVIDIA H100 80GB HBM3 (0),1,,14,comm_allreduce__allreduce_2sta6A6A6A6A_86463b875506db24
1584420572,4776575,967,1,1,1,256,1,1,40,0.000,0.000,,,,,NVIDIA H100 80GB HBM3 (1),2,,23,comm_allreduce__allreduce_2sta6A6A6A6A_ecf4355538841c44
1584433894,4778333,964,1,1,1,256,1,1,40,0.000,0.000,,,,,NVIDIA H100 80GB HBM3 (0),1,,14,comm_allreduce__allreduce_2sta6A6A6A6A_86463b875506db24
1589258147,4784989,984,1,1,1,256,1,1,40,0.000,0.000,,,,,NVIDIA H100 80GB HBM3 (0),1,,14,comm_allreduce__allreduce_2sta6A6A6A6A_86463b875506db24
1589264155,4767040,987,1,1,1,256,1,1,40,0.000,0.000,,,,,NVIDIA H100 80GB HBM3 (1),2,,23,comm_allreduce__allreduce_2sta6A6A6A6A_ecf4355538841c44
1594032571,4781183,994,1,1,1,256,1,1,40,0.000,0.000,,,,,NVIDIA H100 80GB HBM3 (1),2,,23,comm_allreduce__allreduce_2sta6A6A6A6A_ecf4355538841c44
1594044192,4778717,991,1,1,1,256,1,1,40,0.000,0.000,,,,,NVIDIA H100 80GB HBM3 (0),1,,14,comm_allreduce__allreduce_2sta6A6A6A6A_86463b875506db24
1598814810,4768224,1001,1,1,1,256,1,1,40,0.000,0.000,,,,,NVIDIA H100 80GB HBM3 (1),2,,23,comm_allreduce__allreduce_2sta6A6A6A6A_ecf4355538841c44
1598824029,4775710,998,1,1,1,256,1,1,40,0.000,0.000,,,,,NVIDIA H100 80GB HBM3 (0),1,,14,comm_allreduce__allreduce_2sta6A6A6A6A_86463b875506db24
1603584218,4782463,1008,1,1,1,256,1,1,40,0.000,0.000,,,,,NVIDIA H100 80GB HBM3 (1),2,,23,comm_allreduce__allreduce_2sta6A6A6A6A_ecf4355538841c44
1603600827,4769149,1005,1,1,1,256,1,1,40,0.000,0.000,,,,,NVIDIA H100 80GB HBM3 (0),1,,14,comm_allreduce__allreduce_2sta6A6A6A6A_86463b875506db24
1608367705,4769504,1015,1,1,1,256,1,1,40,0.000,0.000,,,,,NVIDIA H100 80GB HBM3 (1),2,,23,comm_allreduce__allreduce_2sta6A6A6A6A_ecf4355538841c44
1608370904,4779517,1012,1,1,1,256,1,1,40,0.000,0.000,,,,,NVIDIA H100 80GB HBM3 (0),1,,14,comm_allreduce__allreduce_2sta6A6A6A6A_86463b875506db24
1613138489,4779135,1022,1,1,1,256,1,1,40,0.000,0.000,,,,,NVIDIA H100 80GB HBM3 (1),2,,23,comm_allreduce__allreduce_2sta6A6A6A6A_ecf4355538841c44
1613151381,4780285,1019,1,1,1,256,1,1,40,0.000,0.000,,,,,NVIDIA H100 80GB HBM3 (0),1,,14,comm_allreduce__allreduce_2sta6A6A6A6A_86463b875506db24
1617918584,4778272,1029,1,1,1,256,1,1,40,0.000,0.000,,,,,NVIDIA H100 80GB HBM3 (1),2,,23,comm_allreduce__allreduce_2sta6A6A6A6A_ecf4355538841c44
1617932658,4773342,1026,1,1,1,256,1,1,40,0.000,0.000,,,,,NVIDIA H100 80GB HBM3 (0),1,,14,comm_allreduce__allreduce_2sta6A6A6A6A_86463b875506db24
1622697880,4772063,1036,1,1,1,256,1,1,40,0.000,0.000,,,,,NVIDIA H100 80GB HBM3 (1),2,,23,comm_allreduce__allreduce_2sta6A6A6A6A_ecf4355538841c44
1622706896,4778429,1033,1,1,1,256,1,1,40,0.000,0.000,,,,,NVIDIA H100 80GB HBM3 (0),1,,14,comm_allreduce__allreduce_2sta6A6A6A6A_86463b875506db24
1627470999,4788063,1043,1,1,1,256,1,1,40,0.000,0.000,,,,,NVIDIA H100 80GB HBM3 (1),2,,23,comm_allreduce__allreduce_2sta6A6A6A6A_ecf4355538841c44
1627486413,4776189,1040,1,1,1,256,1,1,40,0.000,0.000,,,,,NVIDIA H100 80GB HBM3 (0),1,,14,comm_allreduce__allreduce_2sta6A6A6A6A_86463b875506db24
1632261334,4765120,1050,1,1,1,256,1,1,40,0.000,0.000,,,,,NVIDIA H100 80GB HBM3 (1),2,,23,comm_allreduce__allreduce_2sta6A6A6A6A_ecf4355538841c44
1632264522,4768925,1047,1,1,1,256,1,1,40,0.000,0.000,,,,,NVIDIA H100 80GB HBM3 (0),1,,14,comm_allreduce__allreduce_2sta6A6A6A6A_86463b875506db24
1637028470,4775199,1057,1,1,1,256,1,1,40,0.000,0.000,,,,,NVIDIA H100 80GB HBM3 (1),2,,23,comm_allreduce__allreduce_2sta6A6A6A6A_ecf4355538841c44
1637035463,4777950,1054,1,1,1,256,1,1,40,0.000,0.000,,,,,NVIDIA H100 80GB HBM3 (0),1,,14,comm_allreduce__allreduce_2sta6A6A6A6A_86463b875506db24
1641804725,4771872,1064,1,1,1,256,1,1,40,0.000,0.000,,,,,NVIDIA H100 80GB HBM3 (1),2,,23,comm_allreduce__allreduce_2sta6A6A6A6A_ecf4355538841c44
1641814533,4779197,1061,1,1,1,256,1,1,40,0.000,0.000,,,,,NVIDIA H100 80GB HBM3 (0),1,,14,comm_allreduce__allreduce_2sta6A6A6A6A_86463b875506db24
1646577557,4785119,1071,1,1,1,256,1,1,40,0.000,0.000,,,,,NVIDIA H100 80GB HBM3 (1),2,,23,comm_allreduce__allreduce_2sta6A6A6A6A_ecf4355538841c44
1646594754,4777853,1068,1,1,1,256,1,1,40,0.000,0.000,,,,,NVIDIA H100 80GB HBM3 (0),1,,14,comm_allreduce__allreduce_2sta6A6A6A6A_86463b875506db24
1651364596,4771296,1078,1,1,1,256,1,1,40,0.000,0.000,,,,,NVIDIA H100 80GB HBM3 (1),2,,23,comm_allreduce__allreduce_2sta6A6A6A6A_ecf4355538841c44
1651374463,4774621,1075,1,1,1,256,1,1,40,0.000,0.000,,,,,NVIDIA H100 80GB HBM3 (0),1,,14,comm_allreduce__allreduce_2sta6A6A6A6A_86463b875506db24
1656137748,4779583,1085,1,1,1,256,1,1,40,0.000,0.000,,,,,NVIDIA H100 80GB HBM3 (1),2,,23,comm_allreduce__allreduce_2sta6A6A6A6A_ecf4355538841c44
1656150940,4777054,1082,1,1,1,256,1,1,40,0.000,0.000,,,,,NVIDIA H100 80GB HBM3 (0),1,,14,comm_allreduce__allreduce_2sta6A6A6A6A_86463b875506db24
1660918387,4778080,1092,1,1,1,256,1,1,40,0.000,0.000,,,,,NVIDIA H100 80GB HBM3 (1),2,,23,comm_allreduce__allreduce_2sta6A6A6A6A_ecf4355538841c44
1660928890,4774717,1089,1,1,1,256,1,1,40,0.000,0.000,,,,,NVIDIA H100 80GB HBM3 (0),1,,14,comm_allreduce__allreduce_2sta6A6A6A6A_86463b875506db24
1665697555,4774463,1099,1,1,1,256,1,1,40,0.000,0.000,,,,,NVIDIA H100 80GB HBM3 (1),2,,23,comm_allreduce__allreduce_2sta6A6A6A6A_ecf4355538841c44
1665704759,4767965,1096,1,1,1,256,1,1,40,0.000,0.000,,,,,NVIDIA H100 80GB HBM3 (0),1,,14,comm_allreduce__allreduce_2sta6A6A6A6A_86463b875506db24
1670474034,4765728,1106,1,1,1,256,1,1,40,0.000,0.000,,,,,NVIDIA H100 80GB HBM3 (1),2,,23,comm_allreduce__allreduce_2sta6A6A6A6A_ecf4355538841c44
1670474772,4774525,1103,1,1,1,256,1,1,40,0.000,0.000,,,,,NVIDIA H100 80GB HBM3 (0),1,,14,comm_allreduce__allreduce_2sta6A6A6A6A_86463b875506db24
1675241714,4775391,1113,1,1,1,256,1,1,40,0.000,0.000,,,,,NVIDIA H100 80GB HBM3 (1),2,,23,comm_allreduce__allreduce_2sta6A6A6A6A_ecf4355538841c44
1675251217,4780414,1110,1,1,1,256,1,1,40,0.000,0.000,,,,,NVIDIA H100 80GB HBM3 (0),1,,14,comm_allreduce__allreduce_2sta6A6A6A6A_86463b875506db24
1680018481,4778240,1120,1,1,1,256,1,1,40,0.000,0.000,,,,,NVIDIA H100 80GB HBM3 (1),2,,23,comm_allreduce__allreduce_2sta6A6A6A6A_ecf4355538841c44
1680033007,4776669,1117,1,1,1,256,1,1,40,0.000,0.000,,,,,NVIDIA H100 80GB HBM3 (0),1,,14,comm_allreduce__allreduce_2sta6A6A6A6A_86463b875506db24
1684798001,4778783,1127,1,1,1,256,1,1,40,0.000,0.000,,,,,NVIDIA H100 80GB HBM3 (1),2,,23,comm_allreduce__allreduce_2sta6A6A6A6A_ecf4355538841c44
1684810892,4777053,1124,1,1,1,256,1,1,40,0.000,0.000,,,,,NVIDIA H100 80GB HBM3 (0),1,,14,comm_allreduce__allreduce_2sta6A6A6A6A_86463b875506db24
1689578832,4775904,1134,1,1,1,256,1,1,40,0.000,0.000,,,,,NVIDIA H100 80GB HBM3 (1),2,,23,comm_allreduce__allreduce_2sta6A6A6A6A_ecf4355538841c44
1689589801,4776733,1131,1,1,1,256,1,1,40,0.000,0.000,,,,,NVIDIA H100 80GB HBM3 (0),1,,14,comm_allreduce__allreduce_2sta6A6A6A6A_86463b875506db24
1694356656,4776511,1141,1,1,1,256,1,1,40,0.000,0.000,,,,,NVIDIA H100 80GB HBM3 (1),2,,23,comm_allreduce__allreduce_2sta6A6A6A6A_ecf4355538841c44
1694368422,4781342,1138,1,1,1,256,1,1,40,0.000,0.000,,,,,NVIDIA H100 80GB HBM3 (0),1,,14,comm_allreduce__allreduce_2sta6A6A6A6A_86463b875506db24
1699134127,4781216,1148,1,1,1,256,1,1,40,0.000,0.000,,,,,NVIDIA H100 80GB HBM3 (1),2,,23,comm_allreduce__allreduce_2sta6A6A6A6A_ecf4355538841c44
1699150724,4775805,1145,1,1,1,256,1,1,40,0.000,0.000,,,,,NVIDIA H100 80GB HBM3 (0),1,,14,comm_allreduce__allreduce_2sta6A6A6A6A_86463b875506db24
1703916719,4779135,1155,1,1,1,256,1,1,40,0.000,0.000,,,,,NVIDIA H100 80GB HBM3 (1),2,,23,comm_allreduce__allreduce_2sta6A6A6A6A_ecf4355538841c44
1703927681,4777309,1152,1,1,1,256,1,1,40,0.000,0.000,,,,,NVIDIA H100 80GB HBM3 (0),1,,14,comm_allreduce__allreduce_2sta6A6A6A6A_86463b875506db24
1708697998,4776384,1162,1,1,1,256,1,1,40,0.000,0.000,,,,,NVIDIA H100 80GB HBM3 (1),2,,23,comm_allreduce__allreduce_2sta6A6A6A6A_ecf4355538841c44
1708706942,4775357,1159,1,1,1,256,1,1,40,0.000,0.000,,,,,NVIDIA H100 80GB HBM3 (0),1,,14,comm_allreduce__allreduce_2sta6A6A6A6A_86463b875506db24
1713476462,4767487,1169,1,1,1,256,1,1,40,0.000,0.000,,,,,NVIDIA H100 80GB HBM3 (1),2,,23,comm_allreduce__allreduce_2sta6A6A6A6A_ecf4355538841c44
1713484219,4777726,1166,1,1,1,256,1,1,40,0.000,0.000,,,,,NVIDIA H100 80GB HBM3 (0),1,,14,comm_allreduce__allreduce_2sta6A6A6A6A_86463b875506db24
1718245005,4783391,1176,1,1,1,256,1,1,40,0.000,0.000,,,,,NVIDIA H100 80GB HBM3 (1),2,,23,comm_allreduce__allreduce_2sta6A6A6A6A_ecf4355538841c44
1718262969,4773469,1173,1,1,1,256,1,1,40,0.000,0.000,,,,,NVIDIA H100 80GB HBM3 (0),1,,14,comm_allreduce__allreduce_2sta6A6A6A6A_86463b875506db24
1723029388,4775328,1183,1,1,1,256,1,1,40,0.000,0.000,,,,,NVIDIA H100 80GB HBM3 (1),2,,23,comm_allreduce__allreduce_2sta6A6A6A6A_ecf4355538841c44
1723037366,4778941,1180,1,1,1,256,1,1,40,0.000,0.000,,,,,NVIDIA H100 80GB HBM3 (0),1,,14,comm_allreduce__allreduce_2sta6A6A6A6A_86463b875506db24
1727806636,4780351,1190,1,1,1,256,1,1,40,0.000,0.000,,,,,NVIDIA H100 80GB HBM3 (1),2,,23,comm_allreduce__allreduce_2sta6A6A6A6A_ecf4355538841c44
1727818099,4782206,1187,1,1,1,256,1,1,40,0.000,0.000,,,,,NVIDIA H100 80GB HBM3 (0),1,,14,comm_allreduce__allreduce_2sta6A6A6A6A_86463b875506db24
1732588843,4782240,1197,1,1,1,256,1,1,40,0.000,0.000,,,,,NVIDIA H100 80GB HBM3 (1),2,,23,comm_allreduce__allreduce_2sta6A6A6A6A_ecf4355538841c44
1732602193,4774653,1194,1,1,1,256,1,1,40,0.000,0.000,,,,,NVIDIA H100 80GB HBM3 (0),1,,14,comm_allreduce__allreduce_2sta6A6A6A6A_86463b875506db24
1737372043,4770175,1204,1,1,1,256,1,1,40,0.000,0.000,,,,,NVIDIA H100 80GB HBM3 (1),2,,23,comm_allreduce__allreduce_2sta6A6A6A6A_ecf4355538841c44
1737377870,4779005,1201,1,1,1,256,1,1,40,0.000,0.000,,,,,NVIDIA H100 80GB HBM3 (0),1,,14,comm_allreduce__allreduce_2sta6A6A6A6A_86463b875506db24
1742143306,4776544,1211,1,1,1,256,1,1,40,0.000,0.000,,,,,NVIDIA H100 80GB HBM3 (1),2,,23,comm_allreduce__allreduce_2sta6A6A6A6A_ecf4355538841c44
1742157963,4776637,1208,1,1,1,256,1,1,40,0.000,0.000,,,,,NVIDIA H100 80GB HBM3 (0),1,,14,comm_allreduce__allreduce_2sta6A6A6A6A_86463b875506db24
1746921834,4782847,1218,1,1,1,256,1,1,40,0.000,0.000,,,,,NVIDIA H100 80GB HBM3 (1),2,,23,comm_allreduce__allreduce_2sta6A6A6A6A_ecf4355538841c44
1746936584,4773470,1215,1,1,1,256,1,1,40,0.000,0.000,,,,,NVIDIA H100 80GB HBM3 (0),1,,14,comm_allreduce__allreduce_2sta6A6A6A6A_86463b875506db24
1751706761,4770624,1225,1,1,1,256,1,1,40,0.000,0.000,,,,,NVIDIA H100 80GB HBM3 (1),2,,23,comm_allreduce__allreduce_2sta6A6A6A6A_ecf4355538841c44
1751712006,4777309,1222,1,1,1,256,1,1,40,0.000,0.000,,,,,NVIDIA H100 80GB HBM3 (0),1,,14,comm_allreduce__allreduce_2sta6A6A6A6A_86463b875506db24
1756478473,4780575,1232,1,1,1,256,1,1,40,0.000,0.000,,,,,NVIDIA H100 80GB HBM3 (1),2,,23,comm_allreduce__allreduce_2sta6A6A6A6A_ecf4355538841c44
1756490339,4779869,1229,1,1,1,256,1,1,40,0.000,0.000,,,,,NVIDIA H100 80GB HBM3 (0),1,,14,comm_allreduce__allreduce_2sta6A6A6A6A_86463b875506db24
1761260040,4777536,1239,1,1,1,256,1,1,40,0.000,0.000,,,,,NVIDIA H100 80GB HBM3 (1),2,,23,comm_allreduce__allreduce_2sta6A6A6A6A_ecf4355538841c44
1761271136,4774589,1236,1,1,1,256,1,1,40,0.000,0.000,,,,,NVIDIA H100 80GB HBM3 (0),1,,14,comm_allreduce__allreduce_2sta6A6A6A6A_86463b875506db24
1766039560,4775903,1246,1,1,1,256,1,1,40,0.000,0.000,,,,,NVIDIA H100 80GB HBM3 (1),2,,23,comm_allreduce__allreduce_2sta6A6A6A6A_ecf4355538841c44
1766047485,4772830,1243,1,1,1,256,1,1,40,0.000,0.000,,,,,NVIDIA H100 80GB HBM3 (0),1,,14,comm_allreduce__allreduce_2sta6A6A6A6A_86463b875506db24
1770817383,4767872,1253,1,1,1,256,1,1,40,0.000,0.000,,,,,NVIDIA H100 80GB HBM3 (1),2,,23,comm_allreduce__allreduce_2sta6A6A6A6A_ecf4355538841c44
1770822171,4773437,1250,1,1,1,256,1,1,40,0.000,0.000,,,,,NVIDIA H100 80GB HBM3 (0),1,,14,comm_allreduce__allreduce_2sta6A6A6A6A_86463b875506db24
1775586279,4778783,1260,1,1,1,256,1,1,40,0.000,0.000,,,,,NVIDIA H100 80GB HBM3 (1),2,,23,comm_allreduce__allreduce_2sta6A6A6A6A_ecf4355538841c44
1775596568,4776221,1257,1,1,1,256,1,1,40,0.000,0.000,,,,,NVIDIA H100 80GB HBM3 (0),1,,14,comm_allreduce__allreduce_2sta6A6A6A6A_86463b875506db24
1780366086,4779072,1267,1,1,1,256,1,1,40,0.000,0.000,,,,,NVIDIA H100 80GB HBM3 (1),2,,23,comm_allreduce__allreduce_2sta6A6A6A6A_ecf4355538841c44
1780373877,4779805,1264,1,1,1,256,1,1,40,0.000,0.000,,,,,NVIDIA H100 80GB HBM3 (0),1,,14,comm_allreduce__allreduce_2sta6A6A6A6A_86463b875506db24
1785147142,4769535,1274,1,1,1,256,1,1,40,0.000,0.000,,,,,NVIDIA H100 80GB HBM3 (1),2,,23,comm_allreduce__allreduce_2sta6A6A6A6A_ecf4355538841c44
1785155602,4774046,1271,1,1,1,256,1,1,40,0.000,0.000,,,,,NVIDIA H100 80GB HBM3 (0),1,,14,comm_allreduce__allreduce_2sta6A6A6A6A_86463b875506db24
1789918629,4773664,1281,1,1,1,256,1,1,40,0.000,0.000,,,,,NVIDIA H100 80GB HBM3 (1),2,,23,comm_allreduce__allreduce_2sta6A6A6A6A_ecf4355538841c44
1789931536,4774621,1278,1,1,1,256,1,1,40,0.000,0.000,,,,,NVIDIA H100 80GB HBM3 (0),1,,14,comm_allreduce__allreduce_2sta6A6A6A6A_86463b875506db24
1794693605,4789727,1288,1,1,1,256,1,1,40,0.000,0.000,,,,,NVIDIA H100 80GB HBM3 (1),2,,23,comm_allreduce__allreduce_2sta6A6A6A6A_ecf4355538841c44
1794707181,4776253,1285,1,1,1,256,1,1,40,0.000,0.000,,,,,NVIDIA H100 80GB HBM3 (0),1,,14,comm_allreduce__allreduce_2sta6A6A6A6A_86463b875506db24
1799484324,4769536,1295,1,1,1,256,1,1,40,0.000,0.000,,,,,NVIDIA H100 80GB HBM3 (1),2,,23,comm_allreduce__allreduce_2sta6A6A6A6A_ecf4355538841c44
1799484362,4774269,1292,1,1,1,256,1,1,40,0.000,0.000,,,,,NVIDIA H100 80GB HBM3 (0),1,,14,comm_allreduce__allreduce_2sta6A6A6A6A_86463b875506db24
1804255748,4770463,1302,1,1,1,256,1,1,40,0.000,0.000,,,,,NVIDIA H100 80GB HBM3 (1),2,,23,comm_allreduce__allreduce_2sta6A6A6A6A_ecf4355538841c44
1804260551,4772606,1299,1,1,1,256,1,1,40,0.000,0.000,,,,,NVIDIA H100 80GB HBM3 (0),1,,14,comm_allreduce__allreduce_2sta6A6A6A6A_86463b875506db24
1809028195,4772415,1309,1,1,1,256,1,1,40,0.000,0.000,,,,,NVIDIA H100 80GB HBM3 (1),2,,23,comm_allreduce__allreduce_2sta6A6A6A6A_ecf4355538841c44
1809035045,4775101,1306,1,1,1,256,1,1,40,0.000,0.000,,,,,NVIDIA H100 80GB HBM3 (0),1,,14,comm_allreduce__allreduce_2sta6A6A6A6A_86463b875506db24
1813801570,4776960,1316,1,1,1,256,1,1,40,0.000,0.000,,,,,NVIDIA H100 80GB HBM3 (1),2,,23,comm_allreduce__allreduce_2sta6A6A6A6A_ecf4355538841c44
1813811042,4777949,1313,1,1,1,256,1,1,40,0.000,0.000,,,,,NVIDIA H100 80GB HBM3 (0),1,,14,comm_allreduce__allreduce_2sta6A6A6A6A_86463b875506db24
1818579618,4779487,1323,1,1,1,256,1,1,40,0.000,0.000,,,,,NVIDIA H100 80GB HBM3 (1),2,,23,comm_allreduce__allreduce_2sta6A6A6A6A_ecf4355538841c44
1818590015,4777469,1320,1,1,1,256,1,1,40,0.000,0.000,,,,,NVIDIA H100 80GB HBM3 (0),1,,14,comm_allreduce__allreduce_2sta6A6A6A6A_86463b875506db24
1823361249,4779808,1330,1,1,1,256,1,1,40,0.000,0.000,,,,,NVIDIA H100 80GB HBM3 (1),2,,23,comm_allreduce__allreduce_2sta6A6A6A6A_ecf4355538841c44
1823369404,4773630,1327,1,1,1,256,1,1,40,0.000,0.000,,,,,NVIDIA H100 80GB HBM3 (0),1,,14,comm_allreduce__allreduce_2sta6A6A6A6A_86463b875506db24
1828143105,4770367,1337,1,1,1,256,1,1,40,0.000,0.000,,,,,NVIDIA H100 80GB HBM3 (1),2,,23,comm_allreduce__allreduce_2sta6A6A6A6A_ecf4355538841c44
1828145050,4780349,1334,1,1,1,256,1,1,40,0.000,0.000,,,,,NVIDIA H100 80GB HBM3 (0),1,,14,comm_allreduce__allreduce_2sta6A6A6A6A_86463b875506db24
1832914848,4774912,1344,1,1,1,256,1,1,40,0.000,0.000,,,,,NVIDIA H100 80GB HBM3 (1),2,,23,comm_allreduce__allreduce_2sta6A6A6A6A_ecf4355538841c44
1832926519,4773245,1341,1,1,1,256,1,1,40,0.000,0.000,,,,,NVIDIA H100 80GB HBM3 (0),1,,14,comm_allreduce__allreduce_2sta6A6A6A6A_86463b875506db24
1837690752,4778719,1351,1,1,1,256,1,1,40,0.000,0.000,,,,,NVIDIA H100 80GB HBM3 (1),2,,23,comm_allreduce__allreduce_2sta6A6A6A6A_ecf4355538841c44
1837700788,4773853,1348,1,1,1,256,1,1,40,0.000,0.000,,,,,NVIDIA H100 80GB HBM3 (0),1,,14,comm_allreduce__allreduce_2sta6A6A6A6A_86463b875506db24
1842471359,4774560,1358,1,1,1,256,1,1,40,0.000,0.000,,,,,NVIDIA H100 80GB HBM3 (1),2,,23,comm_allreduce__allreduce_2sta6A6A6A6A_ecf4355538841c44
1842476561,4774110,1355,1,1,1,256,1,1,40,0.000,0.000,,,,,NVIDIA H100 80GB HBM3 (0),1,,14,comm_allreduce__allreduce_2sta6A6A6A6A_86463b875506db24
1847247839,4770495,1365,1,1,1,256,1,1,40,0.000,0.000,,,,,NVIDIA H100 80GB HBM3 (1),2,,23,comm_allreduce__allreduce_2sta6A6A6A6A_ecf4355538841c44
1847252463,4779581,1362,1,1,1,256,1,1,40,0.000,0.000,,,,,NVIDIA H100 80GB HBM3 (0),1,,14,comm_allreduce__allreduce_2sta6A6A6A6A_86463b875506db24
1852019262,4779936,1372,1,1,1,256,1,1,40,0.000,0.000,,,,,NVIDIA H100 80GB HBM3 (1),2,,23,comm_allreduce__allreduce_2sta6A6A6A6A_ecf4355538841c44
1852032972,4774749,1369,1,1,1,256,1,1,40,0.000,0.000,,,,,NVIDIA H100 80GB HBM3 (0),1,,14,comm_allreduce__allreduce_2sta6A6A6A6A_86463b875506db24
1856800286,4772831,1379,1,1,1,256,1,1,40,0.000,0.000,,,,,NVIDIA H100 80GB HBM3 (1),2,,23,comm_allreduce__allreduce_2sta6A6A6A6A_ecf4355538841c44
1856808873,4778238,1376,1,1,1,256,1,1,40,0.000,0.000,,,,,NVIDIA H100 80GB HBM3 (0),1,,14,comm_allreduce__allreduce_2sta6A6A6A6A_86463b875506db24
1861575293,4779424,1386,1,1,1,256,1,1,40,0.000,0.000,,,,,NVIDIA H100 80GB HBM3 (1),2,,23,comm_allreduce__allreduce_2sta6A6A6A6A_ecf4355538841c44
1861589159,4775325,1383,1,1,1,256,1,1,40,0.000,0.000,,,,,NVIDIA H100 80GB HBM3 (0),1,,14,comm_allreduce__allreduce_2sta6A6A6A6A_86463b875506db24
1866356797,4774655,1393,1,1,1,256,1,1,40,0.000,0.000,,,,,NVIDIA H100 80GB HBM3 (1),2,,23,comm_allreduce__allreduce_2sta6A6A6A6A_ecf4355538841c44
1866366468,4777117,1390,1,1,1,256,1,1,40,0.000,0.000,,,,,NVIDIA H100 80GB HBM3 (0),1,,14,comm_allreduce__allreduce_2sta6A6A6A6A_86463b875506db24
1871132828,4779264,1400,1,1,1,256,1,1,40,0.000,0.000,,,,,NVIDIA H100 80GB HBM3 (1),2,,23,comm_allreduce__allreduce_2sta6A6A6A6A_ecf4355538841c44
1871144641,4770205,1397,1,1,1,256,1,1,40,0.000,0.000,,,,,NVIDIA H100 80GB HBM3 (0),1,,14,comm_allreduce__allreduce_2sta6A6A6A6A_86463b875506db24
1875913084,4768671,1407,1,1,1,256,1,1,40,0.000,0.000,,,,,NVIDIA H100 80GB HBM3 (1),2,,23,comm_allreduce__allreduce_2sta6A6A6A6A_ecf4355538841c44
1875915742,4778238,1404,1,1,1,256,1,1,40,0.000,0.000,,,,,NVIDIA H100 80GB HBM3 (0),1,,14,comm_allreduce__allreduce_2sta6A6A6A6A_86463b875506db24
1880683643,4774272,1414,1,1,1,256,1,1,40,0.000,0.000,,,,,NVIDIA H100 80GB HBM3 (1),2,,23,comm_allreduce__allreduce_2sta6A6A6A6A_ecf4355538841c44
1880695836,4778717,1411,1,1,1,256,1,1,40,0.000,0.000,,,,,NVIDIA H100 80GB HBM3 (0),1,,14,comm_allreduce__allreduce_2sta6A6A6A6A_86463b875506db24
1885459835,4782719,1421,1,1,1,256,1,1,40,0.000,0.000,,,,,NVIDIA H100 80GB HBM3 (1),2,,23,comm_allreduce__allreduce_2sta6A6A6A6A_ecf4355538841c44
1885476345,4776925,1418,1,1,1,256,1,1,40,0.000,0.000,,,,,NVIDIA H100 80GB HBM3 (0),1,,14,comm_allreduce__allreduce_2sta6A6A6A6A_86463b875506db24
1890243578,4780160,1428,1,1,1,256,1,1,40,0.000,0.000,,,,,NVIDIA H100 80GB HBM3 (1),2,,23,comm_allreduce__allreduce_2sta6A6A6A6A_ecf4355538841c44
1890254198,4777405,1425,1,1,1,256,1,1,40,0.000,0.000,,,,,NVIDIA H100 80GB HBM3 (0),1,,14,comm_allreduce__allreduce_2sta6A6A6A6A_86463b875506db24
1895024826,4772511,1435,1,1,1,256,1,1,40,0.000,0.000,,,,,NVIDIA H100 80GB HBM3 (1),2,,23,comm_allreduce__allreduce_2sta6A6A6A6A_ecf4355538841c44
1895032723,4778174,1432,1,1,1,256,1,1,40,0.000,0.000,,,,,NVIDIA H100 80GB HBM3 (0),1,,14,comm_allreduce__allreduce_2sta6A6A6A6A_86463b875506db24
1899799353,4777503,1442,1,1,1,256,1,1,40,0.000,0.000,,,,,NVIDIA H100 80GB HBM3 (1),2,,23,comm_allreduce__allreduce_2sta6A6A6A6A_ecf4355538841c44
1899812977,4772669,1439,1,1,1,256,1,1,40,0.000,0.000,,,,,NVIDIA H100 80GB HBM3 (0),1,,14,comm_allreduce__allreduce_2sta6A6A6A6A_86463b875506db24
1904578840,4774848,1449,1,1,1,256,1,1,40,0.000,0.000,,,,,NVIDIA H100 80GB HBM3 (1),2,,23,comm_allreduce__allreduce_2sta6A6A6A6A_ecf4355538841c44
1904587534,4772381,1446,1,1,1,256,1,1,40,0.000,0.000,,,,,NVIDIA H100 80GB HBM3 (0),1,,14,comm_allreduce__allreduce_2sta6A6A6A6A_86463b875506db24
1909354712,4771103,1456,1,1,1,256,1,1,40,0.000,0.000,,,,,NVIDIA H100 80GB HBM3 (1),2,,23,comm_allreduce__allreduce_2sta6A6A6A6A_ecf4355538841c44
1909361035,4774877,1453,1,1,1,256,1,1,40,0.000,0.000,,,,,NVIDIA H100 80GB HBM3 (0),1,,14,comm_allreduce__allreduce_2sta6A6A6A6A_86463b875506db24
1914126775,4777184,1463,1,1,1,256,1,1,40,0.000,0.000,,,,,NVIDIA H100 80GB HBM3 (1),2,,23,comm_allreduce__allreduce_2sta6A6A6A6A_ecf4355538841c44
1914136840,4777438,1460,1,1,1,256,1,1,40,0.000,0.000,,,,,NVIDIA H100 80GB HBM3 (0),1,,14,comm_allreduce__allreduce_2sta6A6A6A6A_86463b875506db24
1918905847,4774847,1470,1,1,1,256,1,1,40,0.000,0.000,,,,,NVIDIA H100 80GB HBM3 (1),2,,23,comm_allreduce__allreduce_2sta6A6A6A6A_ecf4355538841c44
1918916198,4774461,1467,1,1,1,256,1,1,40,0.000,0.000,,,,,NVIDIA H100 80GB HBM3 (0),1,,14,comm_allreduce__allreduce_2sta6A6A6A6A_86463b875506db24
1923682550,4772576,1477,1,1,1,256,1,1,40,0.000,0.000,,,,,NVIDIA H100 80GB HBM3 (1),2,,23,comm_allreduce__allreduce_2sta6A6A6A6A_ecf4355538841c44
1923692419,4775805,1474,1,1,1,256,1,1,40,0.000,0.000,,,,,NVIDIA H100 80GB HBM3 (0),1,,14,comm_allreduce__allreduce_2sta6A6A6A6A_86463b875506db24
1928456182,4786911,1484,1,1,1,256,1,1,40,0.000,0.000,,,,,NVIDIA H100 80GB HBM3 (1),2,,23,comm_allreduce__allreduce_2sta6A6A6A6A_ecf4355538841c44
1928469216,4780893,1481,1,1,1,256,1,1,40,0.000,0.000,,,,,NVIDIA H100 80GB HBM3 (0),1,,14,comm_allreduce__allreduce_2sta6A6A6A6A_86463b875506db24
1933244181,4772288,1491,1,1,1,256,1,1,40,0.000,0.000,,,,,NVIDIA H100 80GB HBM3 (1),2,,23,comm_allreduce__allreduce_2sta6A6A6A6A_ecf4355538841c44
1933251197,4775742,1488,1,1,1,256,1,1,40,0.000,0.000,,,,,NVIDIA H100 80GB HBM3 (0),1,,14,comm_allreduce__allreduce_2sta6A6A6A6A_86463b875506db24
1938018485,4772063,1498,1,1,1,256,1,1,40,0.000,0.000,,,,,NVIDIA H100 80GB HBM3 (1),2,,23,comm_allreduce__allreduce_2sta6A6A6A6A_ecf4355538841c44
1938029115,4776669,1495,1,1,1,256,1,1,40,0.000,0.000,,,,,NVIDIA H100 80GB HBM3 (0),1,,14,comm_allreduce__allreduce_2sta6A6A6A6A_86463b875506db24
1942792596,4782208,1505,1,1,1,256,1,1,40,0.000,0.000,,,,,NVIDIA H100 80GB HBM3 (1),2,,23,comm_allreduce__allreduce_2sta6A6A6A6A_ecf4355538841c44
1942807704,4781021,1502,1,1,1,256,1,1,40,0.000,0.000,,,,,NVIDIA H100 80GB HBM3 (0),1,,14,comm_allreduce__allreduce_2sta6A6A6A6A_86463b875506db24
1947575860,4779103,1512,1,1,1,256,1,1,40,0.000,0.000,,,,,NVIDIA H100 80GB HBM3 (1),2,,23,comm_allreduce__allreduce_2sta6A6A6A6A_ecf4355538841c44
1947589749,4776221,1509,1,1,1,256,1,1,40,0.000,0.000,,,,,NVIDIA H100 80GB HBM3 (0),1,,14,comm_allreduce__allreduce_2sta6A6A6A6A_86463b875506db24
1952355987,4780672,1519,1,1,1,256,1,1,40,0.000,0.000,,,,,NVIDIA H100 80GB HBM3 (1),2,,23,comm_allreduce__allreduce_2sta6A6A6A6A_ecf4355538841c44
1952366930,4781086,1516,1,1,1,256,1,1,40,0.000,0.000,,,,,NVIDIA H100 80GB HBM3 (0),1,,14,comm_allreduce__allreduce_2sta6A6A6A6A_86463b875506db24
1957138515,4775839,1526,1,1,1,256,1,1,40,0.000,0.000,,,,,NVIDIA H100 80GB HBM3 (1),2,,23,comm_allreduce__allreduce_2sta6A6A6A6A_ecf4355538841c44
1957149904,4774941,1523,1,1,1,256,1,1,40,0.000,0.000,,,,,NVIDIA H100 80GB HBM3 (0),1,,14,comm_allreduce__allreduce_2sta6A6A6A6A_86463b875506db24
1961916178,4773152,1533,1,1,1,256,1,1,40,0.000,0.000,,,,,NVIDIA H100 80GB HBM3 (1),2,,23,comm_allreduce__allreduce_2sta6A6A6A6A_ecf4355538841c44
1961926733,4775421,1530,1,1,1,256,1,1,40,0.000,0.000,,,,,NVIDIA H100 80GB HBM3 (0),1,,14,comm_allreduce__allreduce_2sta6A6A6A6A_86463b875506db24
1966690290,4777023,1540,1,1,1,256,1,1,40,0.000,0.000,,,,,NVIDIA H100 80GB HBM3 (1),2,,23,comm_allreduce__allreduce_2sta6A6A6A6A_ecf4355538841c44
1966703050,4777149,1537,1,1,1,256,1,1,40,0.000,0.000,,,,,NVIDIA H100 80GB HBM3 (0),1,,14,comm_allreduce__allreduce_2sta6A6A6A6A_86463b875506db24
1971468337,4777728,1547,1,1,1,256,1,1,40,0.000,0.000,,,,,NVIDIA H100 80GB HBM3 (1),2,,23,comm_allreduce__allreduce_2sta6A6A6A6A_ecf4355538841c44
1971481447,4776638,1544,1,1,1,256,1,1,40,0.000,0.000,,,,,NVIDIA H100 80GB HBM3 (0),1,,14,comm_allreduce__allreduce_2sta6A6A6A6A_86463b875506db24
1976248049,4775711,1554,1,1,1,256,1,1,40,0.000,0.000,,,,,NVIDIA H100 80GB HBM3 (1),2,,23,comm_allreduce__allreduce_2sta6A6A6A6A_ecf4355538841c44
1976260165,4780573,1551,1,1,1,256,1,1,40,0.000,0.000,,,,,NVIDIA H100 80GB HBM3 (0),1,,14,comm_allreduce__allreduce_2sta6A6A6A6A_86463b875506db24
1981026032,4785535,1561,1,1,1,256,1,1,40,0.000,0.000,,,,,NVIDIA H100 80GB HBM3 (1),2,,23,comm_allreduce__allreduce_2sta6A6A6A6A_ecf4355538841c44
1981042658,4776445,1558,1,1,1,256,1,1,40,0.000,0.000,,,,,NVIDIA H100 80GB HBM3 (0),1,,14,comm_allreduce__allreduce_2sta6A6A6A6A_86463b875506db24
1985812815,4771904,1568,1,1,1,256,1,1,40,0.000,0.000,,,,,NVIDIA H100 80GB HBM3 (1),2,,23,comm_allreduce__allreduce_2sta6A6A6A6A_ecf4355538841c44
1985820255,4777213,1565,1,1,1,256,1,1,40,0.000,0.000,,,,,NVIDIA H100 80GB HBM3 (0),1,,14,comm_allreduce__allreduce_2sta6A6A6A6A_86463b875506db24
1990585679,4776159,1575,1,1,1,256,1,1,40,0.000,0.000,,,,,NVIDIA H100 80GB HBM3 (1),2,,23,comm_allreduce__allreduce_2sta6A6A6A6A_ecf4355538841c44
1990598460,4775870,1572,1,1,1,256,1,1,40,0.000,0.000,,,,,NVIDIA H100 80GB HBM3 (0),1,,14,comm_allreduce__allreduce_2sta6A6A6A6A_86463b875506db24
1995363726,4781984,1582,1,1,1,256,1,1,40,0.000,0.000,,,,,NVIDIA H100 80GB HBM3 (1),2,,23,comm_allreduce__allreduce_2sta6A6A6A6A_ecf4355538841c44
1995376122,4779773,1579,1,1,1,256,1,1,40,0.000,0.000,,,,,NVIDIA H100 80GB HBM3 (0),1,,14,comm_allreduce__allreduce_2sta6A6A6A6A_86463b875506db24
2000147598,4772031,1589,1,1,1,256,1,1,40,0.000,0.000,,,,,NVIDIA H100 80GB HBM3 (1),2,,23,comm_allreduce__allreduce_2sta6A6A6A6A_ecf4355538841c44
2000157783,4770973,1586,1,1,1,256,1,1,40,0.000,0.000,,,,,NVIDIA H100 80GB HBM3 (0),1,,14,comm_allreduce__allreduce_2sta6A6A6A6A_86463b875506db24
2004920557,4777056,1596,1,1,1,256,1,1,40,0.000,0.000,,,,,NVIDIA H100 80GB HBM3 (1),2,,23,comm_allreduce__allreduce_2sta6A6A6A6A_ecf4355538841c44
2004929972,4780030,1593,1,1,1,256,1,1,40,0.000,0.000,,,,,NVIDIA H100 80GB HBM3 (0),1,,14,comm_allreduce__allreduce_2sta6A6A6A6A_86463b875506db24
2009699213,4774687,1603,1,1,1,256,1,1,40,0.000,0.000,,,,,NVIDIA H100 80GB HBM3 (1),2,,23,comm_allreduce__allreduce_2sta6A6A6A6A_ecf4355538841c44
2009711154,4774749,1600,1,1,1,256,1,1,40,0.000,0.000,,,,,NVIDIA H100 80GB HBM3 (0),1,,14,comm_allreduce__allreduce_2sta6A6A6A6A_86463b875506db24
2014476044,4774240,1610,1,1,1,256,1,1,40,0.000,0.000,,,,,NVIDIA H100 80GB HBM3 (1),2,,23,comm_allreduce__allreduce_2sta6A6A6A6A_ecf4355538841c44
2014487983,4774429,1607,1,1,1,256,1,1,40,0.000,0.000,,,,,NVIDIA H100 80GB HBM3 (0),1,,14,comm_allreduce__allreduce_2sta6A6A6A6A_86463b875506db24
2019252492,4782334,1617,1,1,1,256,1,1,40,0.000,0.000,,,,,NVIDIA H100 80GB HBM3 (1),2,,23,comm_allreduce__allreduce_2sta6A6A6A6A_ecf4355538841c44
2019264300,4771868,1614,1,1,1,256,1,1,40,0.000,0.000,,,,,NVIDIA H100 80GB HBM3 (0),1,,14,comm_allreduce__allreduce_2sta6A6A6A6A_86463b875506db24
2024035946,4766944,1624,1,1,1,256,1,1,40,0.000,0.000,,,,,NVIDIA H100 80GB HBM3 (1),2,,23,comm_allreduce__allreduce_2sta6A6A6A6A_ecf4355538841c44
2024037192,4780382,1621,1,1,1,256,1,1,40,0.000,0.000,,,,,NVIDIA H100 80GB HBM3 (0),1,,14,comm_allreduce__allreduce_2sta6A6A6A6A_86463b875506db24
2028803914,4783872,1631,1,1,1,256,1,1,40,0.000,0.000,,,,,NVIDIA H100 80GB HBM3 (1),2,,23,comm_allreduce__allreduce_2sta6A6A6A6A_ecf4355538841c44
2028818566,4778045,1628,1,1,1,256,1,1,40,0.000,0.000,,,,,NVIDIA H100 80GB HBM3 (0),1,,14,comm_allreduce__allreduce_2sta6A6A6A6A_86463b875506db24
2033589546,4772448,1638,1,1,1,256,1,1,40,0.000,0.000,,,,,NVIDIA H100 80GB HBM3 (1),2,,23,comm_allreduce__allreduce_2sta6A6A6A6A_ecf4355538841c44
2033598499,4778398,1635,1,1,1,256,1,1,40,0.000,0.000,,,,,NVIDIA H100 80GB HBM3 (0),1,,14,comm_allreduce__allreduce_2sta6A6A6A6A_86463b875506db24
2038363914,4780000,1645,1,1,1,256,1,1,40,0.000,0.000,,,,,NVIDIA H100 80GB HBM3 (1),2,,23,comm_allreduce__allreduce_2sta6A6A6A6A_ecf4355538841c44
2038378689,4775550,1642,1,1,1,256,1,1,40,0.000,0.000,,,,,NVIDIA H100 80GB HBM3 (0),1,,14,comm_allreduce__allreduce_2sta6A6A6A6A_86463b875506db24
2043144874,4779232,1652,1,1,1,256,1,1,40,0.000,0.000,,,,,NVIDIA H100 80GB HBM3 (1),2,,23,comm_allreduce__allreduce_2sta6A6A6A6A_ecf4355538841c44
2043155167,4777629,1649,1,1,1,256,1,1,40,0.000,0.000,,,,,NVIDIA H100 80GB HBM3 (0),1,,14,comm_allreduce__allreduce_2sta6A6A6A6A_86463b875506db24
2047925162,4775360,1659,1,1,1,256,1,1,40,0.000,0.000,,,,,NVIDIA H100 80GB HBM3 (1),2,,23,comm_allreduce__allreduce_2sta6A6A6A6A_ecf4355538841c44
2047933884,4775966,1656,1,1,1,256,1,1,40,0.000,0.000,,,,,NVIDIA H100 80GB HBM3 (0),1,,14,comm_allreduce__allreduce_2sta6A6A6A6A_86463b875506db24
2052702602,4777664,1666,1,1,1,256,1,1,40,0.000,0.000,,,,,NVIDIA H100 80GB HBM3 (1),2,,23,comm_allreduce__allreduce_2sta6A6A6A6A_ecf4355538841c44
2052711770,4775261,1663,1,1,1,256,1,1,40,0.000,0.000,,,,,NVIDIA H100 80GB HBM3 (0),1,,14,comm_allreduce__allreduce_2sta6A6A6A6A_86463b875506db24
2057482218,4769376,1673,1,1,1,256,1,1,40,0.000,0.000,,,,,NVIDIA H100 80GB HBM3 (1),2,,23,comm_allreduce__allreduce_2sta6A6A6A6A_ecf4355538841c44
2057488919,4781406,1670,1,1,1,256,1,1,40,0.000,0.000,,,,,NVIDIA H100 80GB HBM3 (0),1,,14,comm_allreduce__allreduce_2sta6A6A6A6A_86463b875506db24
2062252842,4783105,1680,1,1,1,256,1,1,40,0.000,0.000,,,,,NVIDIA H100 80GB HBM3 (1),2,,23,comm_allreduce__allreduce_2sta6A6A6A6A_ecf4355538841c44
2062271349,4779421,1677,1,1,1,256,1,1,40,0.000,0.000,,,,,NVIDIA H100 80GB HBM3 (0),1,,14,comm_allreduce__allreduce_2sta6A6A6A6A_86463b875506db24
2067093170,961152,1693,,,,,,,,,,16.777,17448.305,Device,Pageable,NVIDIA H100 80GB HBM3 (0),1,,14,[CUDA memcpy Device-to-Host]
2068199979,984736,1696,,,,,,,,,,16.777,17028.874,Device,Pageable,NVIDIA H100 80GB HBM3 (1),2,,23,[CUDA memcpy Device-to-Host]
